ID,Time_taken(min)
0x2318 ,26.385487
0x3474 ,30.057892
0x9420 ,29.607582
0x72ee ,31.259298
0xa759 ,23.068785
0xc4af ,19.003447
0x3b9d ,13.269384
0xdd42 ,22.156355
0x872b ,40.50871
0x6001 ,24.41474
0xd845 ,22.12805
0x4946 ,14.074826
0x4598 ,17.598944
0xbd51 ,20.63894
0x73ec ,29.5741
0x5ca7 ,28.940445
0x9fa6 ,33.334316
0x914e ,22.556429
0x36e5 ,16.83138
0xd82e ,22.13783
0x1df3 ,38.12867
0xa65 ,30.029774
0x8b83 ,25.247616
0x5b95 ,27.448963
0xaa43 ,27.774828
0x9995 ,25.729729
0x1018 ,34.99663
0x4af3 ,17.373346
0x87a1 ,18.9806
0xb64c ,12.367828
0x4b7e ,15.654124
0x252d ,22.212587
0x368e ,17.695349
0xe09 ,19.084242
0x39aa ,28.54165
0xb542 ,34.233192
0x7604 ,16.182236
0x597c ,42.16229
0x184f ,16.59495
0x9442 ,25.336388
0x84e ,21.581705
0xa6ba ,30.015049
0xb66b ,19.239359
0x9bb ,20.77961
0x8d9a ,20.72555
0x869f ,39.192657
0xc587 ,39.525692
0x3167 ,21.846474
0x4981 ,25.554865
0x4c83 ,20.840431
0x2493 ,15.689353
0x21a5 ,19.69048
0x5571 ,13.02319
0x45b1 ,34.9174
0xb1f0 ,23.922539
0x75d9 ,24.649174
0x46dd ,32.327995
0xc002 ,23.782606
0x95e5 ,28.42224
0x1c1f ,19.731987
0x45bd ,19.105059
0xb986 ,24.082188
0x1761 ,45.363873
0xb84c ,27.47642
0x69c3 ,34.55785
0xd68c ,46.067448
0xd05f ,46.13173
0xb5f0 ,23.51278
0x69a8 ,29.357662
0xc9c5 ,35.46159
0x478e ,22.950321
0x12dd ,25.58537
0x78e3 ,18.548534
0x1661 ,24.310583
0xcb17 ,17.22575
0xdff4 ,21.231583
0x75c3 ,21.094719
0xceb4 ,19.130098
0x8ae4 ,19.46916
0xdb61 ,22.882107
0x790 ,13.98524
0x8968 ,25.665636
0xa39a ,19.664024
0x8826 ,28.676584
0x4c8c ,22.128094
0x103c ,36.496513
0x98a8 ,13.685808
0xb338 ,28.252642
0x366d ,18.89999
0x7d75 ,17.067482
0x6d30 ,40.87754
0x616f ,28.697239
0x9ee3 ,24.149141
0x4d82 ,27.447107
0xb757 ,27.210423
0x2e53 ,19.006113
0xd686 ,23.429474
0x828d ,15.124574
0xb9f5 ,24.003792
0x73c4 ,34.896233
0xd427 ,26.50114
0xc009 ,37.20328
0x7030 ,21.151602
0xc500 ,24.475233
0xd0f4 ,13.715
0x6e8c ,19.222937
0xa1ee ,26.921555
0x4720 ,17.81961
0x5691 ,48.791042
0xb8f1 ,32.737053
0xc790 ,37.98153
0x3234 ,35.22274
0xb2be ,17.696735
0x7f50 ,23.5348
0x6fd1 ,14.590214
0x5a8b ,27.753405
0x714d ,16.92352
0x4bff ,15.52164
0x9925 ,21.956545
0x6fd6 ,22.750338
0x2872 ,20.87862
0x66c ,25.685802
0x90f7 ,29.458323
0xddd ,27.97459
0x2a29 ,42.406013
0x7eb3 ,21.324202
0x6d17 ,29.492332
0x7134 ,23.250423
0xa4f0 ,22.32387
0x213f ,21.792208
0x70e8 ,35.164604
0x8556 ,28.816547
0xaae6 ,32.650425
0x9724 ,19.99131
0x6208 ,22.91663
0x5164 ,18.772377
0xa70e ,16.848978
0x6afb ,25.546778
0xc0f1 ,33.789513
0x76e4 ,22.805859
0x3d34 ,15.050315
0x540c ,15.347371
0x83de ,21.157322
0xc950 ,37.868294
0x63ac ,15.20237
0x602b ,37.236446
0x757e ,37.16063
0x31a9 ,30.02879
0xd9b5 ,24.599045
0x4175 ,24.836039
0xd350 ,36.51556
0x3aa6 ,21.467289
0x2473 ,28.520258
0xc94a ,22.034712
0x32c9 ,27.557487
0x986d ,26.180622
0x4924 ,22.738962
0x49c7 ,46.99158
0x167f ,33.36274
0xfb9 ,28.465162
0x9c99 ,16.501747
0x28f5 ,35.36799
0xaaf9 ,12.820716
0x84b5 ,15.76529
0x43fb ,39.619736
0xc78c ,29.52668
0x9159 ,21.039362
0x61c2 ,29.203823
0x4fce ,25.482891
0xcb2d ,36.79754
0x7d38 ,27.856192
0x897f ,14.199304
0x77e6 ,28.037914
0xadd8 ,13.756841
0x8ff2 ,15.895548
0x5d7e ,27.903534
0x4722 ,22.769924
0x9cd8 ,23.758549
0x1048 ,21.758776
0x9a3a ,44.694935
0x4685 ,16.348156
0xcb42 ,15.066987
0xb01c ,31.36935
0x2fee ,21.105711
0x2a87 ,16.768211
0x7e10 ,24.155935
0xb402 ,20.556152
0x4ccf ,24.10051
0xab1f ,13.902891
0xd269 ,25.00786
0x9e50 ,35.024773
0x1a5f ,33.82103
0x9b4 ,18.77174
0x2e4d ,38.83195
0x9fd9 ,28.791967
0xd79 ,17.272623
0x709c ,24.174637
0x930e ,31.90653
0x8d4e ,25.115356
0x762 ,27.163944
0xae5b ,18.200634
0x4f12 ,15.760758
0x298a ,20.716244
0x7f37 ,17.616451
0x3a0a ,19.45485
0xc46b ,23.736563
0xc65e ,30.433641
0x2fa8 ,19.56259
0x413f ,18.635925
0xa1e5 ,37.51643
0x8448 ,34.77733
0x4c8 ,32.265343
0x8fe4 ,19.456903
0x162f ,22.891972
0x8cc9 ,26.478691
0x77cb ,17.679579
0x44d2 ,21.081993
0x8750 ,24.921694
0x2fda ,21.713932
0x513b ,19.50343
0x3e5f ,22.20817
0x8abc ,46.35902
0x5c05 ,37.397
0x5db1 ,22.749964
0x34e0 ,27.937695
0xbe30 ,26.661243
0x69b3 ,32.79449
0xd73e ,15.916403
0x9018 ,26.44762
0x144c ,40.376316
0x8085 ,34.37371
0xc234 ,24.621082
0x1c42 ,19.820484
0xe009 ,13.950103
0xdc62 ,40.554234
0xc5d0 ,45.76443
0x5575 ,18.724545
0x4859 ,24.54693
0xc23b ,16.909958
0x7e0a ,15.520652
0x59d0 ,40.27004
0xe7e ,26.96553
0x4e8b ,42.47656
0x3013 ,17.518248
0x4ff2 ,26.511316
0x4137 ,21.781351
0xd82a ,17.549082
0x5099 ,18.420473
0x59c3 ,23.418484
0x8f41 ,13.087282
0x818e ,26.063026
0xca4a ,21.606705
0xbc1c ,17.06701
0x8636 ,23.182024
0xb0ae ,36.62785
0x7260 ,14.736128
0x5081 ,26.534494
0x4007 ,16.299492
0xa99d ,48.465496
0x9432 ,22.462921
0x8cb7 ,17.300806
0xa6dc ,17.766829
0xd793 ,17.849163
0x32e3 ,35.839767
0xb819 ,22.86312
0xbad3 ,34.98451
0x7e87 ,38.180046
0x2fab ,16.291649
0x73a9 ,21.603294
0x70f9 ,22.478867
0x5644 ,36.235996
0x1054 ,14.964084
0x349f ,26.100798
0xa51 ,28.037792
0x76d3 ,28.843513
0x31d1 ,16.173134
0x9eee ,16.288033
0xdd6b ,24.13858
0x6036 ,34.78661
0xe1b7 ,16.339808
0xc90d ,31.476368
0xe130 ,15.816536
0xbdf1 ,39.110077
0x5ac8 ,23.331524
0x6b26 ,23.20595
0x3e86 ,24.7896
0x15e9 ,20.018284
0xb1e7 ,15.435853
0xda7a ,14.978407
0x1480 ,26.088575
0x4930 ,21.660269
0x440b ,36.546547
0x9745 ,40.216812
0xb5a7 ,16.19838
0x7d84 ,16.400131
0x434c ,44.303368
0x77a ,34.169937
0x9f29 ,23.124868
0xcaf8 ,37.337257
0x224d ,40.05779
0x25cc ,24.219402
0x31f5 ,25.52791
0x4558 ,16.331028
0xb73c ,16.1347
0x852a ,19.736544
0x7ccb ,18.626541
0x7bfa ,17.82602
0x6fce ,22.40056
0x53fb ,18.420551
0x1abb ,21.68393
0x37ab ,36.50336
0x724 ,22.311829
0x7562 ,26.243767
0x4bc ,29.583822
0x6fb0 ,24.456123
0x8125 ,44.827827
0x7ffe ,35.303608
0x9777 ,16.622215
0x1de2 ,35.85335
0x7b97 ,22.944967
0x5fec ,16.520784
0x4d52 ,22.674429
0x6a5b ,23.890354
0xbe1f ,18.619246
0x4c2e ,45.548954
0x4926 ,35.476437
0x8f60 ,19.451662
0x8976 ,17.375381
0x69d1 ,40.777668
0x943e ,23.455078
0x6e5e ,42.017643
0x13a7 ,39.973835
0xae96 ,40.001785
0x808c ,37.15265
0x20a8 ,23.198538
0xce17 ,20.846104
0x20de ,35.729702
0x8e76 ,35.995045
0x705b ,36.743507
0x1bdc ,11.093093
0xabdb ,13.666241
0xc35a ,29.019281
0xc784 ,21.349005
0xbbbe ,19.546986
0x59f5 ,35.916965
0x8df5 ,34.88555
0xdb44 ,36.457592
0x8265 ,35.362186
0x48f8 ,23.883501
0xc1d2 ,21.36633
0x1f28 ,42.745903
0xb9c0 ,28.495224
0x3f33 ,19.932165
0xc767 ,26.211912
0x7d5 ,20.142807
0xe8e ,29.677252
0x87f8 ,18.117538
0x1fef ,17.954046
0x96e0 ,21.356863
0x9778 ,21.739183
0x5b6 ,18.584352
0x641b ,34.748108
0x62c0 ,15.517796
0x2806 ,17.053093
0xe110 ,26.634924
0x9c2c ,27.009762
0x3d79 ,21.551554
0x5367 ,32.57858
0x57e8 ,20.815142
0x6e7f ,27.844076
0x76ac ,24.707022
0x32ba ,16.943642
0x99c5 ,31.042337
0x35df ,20.696838
0xaaa0 ,34.439808
0xa754 ,22.2983
0x6186 ,22.32759
0x24b8 ,22.405216
0x3a14 ,24.082764
0x12c4 ,20.50997
0x6eb0 ,14.126843
0x26f3 ,36.9618
0x7947 ,24.99617
0x754a ,18.160007
0x59ab ,14.357085
0xb5e4 ,31.62991
0xd4fb ,34.41264
0xc9b0 ,23.06615
0xa0e1 ,40.42937
0x4c7f ,26.595652
0x175c ,25.343143
0x53a7 ,17.777695
0x8e57 ,47.49045
0x75ca ,23.447674
0x67d9 ,26.257421
0x2ed8 ,36.1713
0x7c90 ,28.829489
0x68cc ,20.766323
0x5fff ,40.40988
0xa19e ,32.05347
0x469f ,12.878821
0x9047 ,22.773214
0x3722 ,35.03706
0xdad8 ,16.151989
0xa64f ,27.363567
0x82b5 ,22.133583
0xaafc ,24.955
0x51a6 ,34.4754
0x53c2 ,14.971379
0x13e4 ,34.055626
0xc5f4 ,16.551138
0x88f0 ,32.433723
0x3165 ,26.132122
0x2cd2 ,24.142618
0x1fe8 ,19.929934
0xa5b7 ,25.866644
0x5892 ,28.678352
0xc1ad ,17.571167
0x64f1 ,35.192745
0xc322 ,24.450867
0x297c ,26.05969
0x6b0d ,18.82747
0xcd91 ,21.101915
0x7bef ,17.443827
0x255c ,47.461277
0xbbe4 ,24.16978
0x5138 ,17.82518
0xe2e ,18.880678
0x64bc ,16.700851
0x3deb ,17.80873
0x88e7 ,29.871305
0x5e32 ,16.101501
0x8c6 ,28.849426
0x977b ,18.56462
0x28c1 ,21.960777
0x2796 ,23.941103
0xcf69 ,23.910776
0x5940 ,22.055918
0x443d ,20.918242
0x8691 ,18.944538
0xb1dd ,23.661398
0x8458 ,16.754597
0xc5a5 ,22.26386
0x8ab ,26.457323
0x422f ,23.644909
0x2de2 ,22.517605
0xbd88 ,16.71731
0x98c3 ,42.08714
0x7c25 ,33.600697
0x692d ,30.32358
0x239b ,22.256866
0x500 ,28.757069
0x2f0f ,22.860386
0x9e02 ,26.205172
0xd788 ,16.903706
0x59e0 ,29.92524
0x4a68 ,26.505491
0x4cd0 ,21.831388
0xabc7 ,21.547113
0xc479 ,32.81316
0xb130 ,46.660446
0xbf88 ,19.966791
0xc7bb ,28.566244
0x6ce2 ,30.8786
0xba0a ,25.15723
0x7401 ,15.733291
0xd2e0 ,21.759846
0x3af4 ,21.08847
0x4918 ,39.685696
0x7137 ,35.08995
0x8e94 ,16.878204
0xca05 ,29.524916
0x5ba8 ,29.04376
0x2e29 ,38.80961
0x9f1d ,26.507364
0x498b ,17.662172
0x461b ,28.256096
0xcea5 ,35.58369
0x47aa ,27.50718
0x753f ,27.125916
0x996d ,16.224392
0xdd79 ,28.700083
0x56cc ,35.224907
0xabcb ,19.312992
0xa67e ,13.972293
0x8b3 ,17.296532
0x9161 ,27.395124
0xa697 ,21.42978
0x84ac ,46.206497
0x99f ,24.066315
0x7d4a ,38.98701
0x632 ,39.1019
0x94e8 ,37.268627
0x11d4 ,13.585669
0x4542 ,42.377647
0xb782 ,47.32261
0x146d ,15.368827
0x5e8c ,21.622713
0x812c ,46.925278
0x9a69 ,17.565752
0x6f78 ,34.867302
0x8ce1 ,22.791843
0x1149 ,29.75535
0x9572 ,25.46451
0x953d ,22.331545
0x8d2f ,26.35805
0xd72c ,18.401741
0x1e71 ,34.923164
0x9431 ,21.816639
0x53ef ,24.248203
0x9ec6 ,32.264046
0x38ec ,26.603552
0x5843 ,37.500385
0x838d ,18.626234
0x7bdf ,27.950985
0x4a65 ,20.946547
0xc7ff ,29.25408
0x67ae ,19.724293
0xb135 ,29.497179
0xafe2 ,35.858295
0x9ed7 ,27.614853
0x3168 ,26.502884
0xbb9f ,23.643887
0x3746 ,22.387804
0xc8ed ,39.038223
0x3d1c ,40.17866
0xb0c2 ,47.553226
0x1ed2 ,17.268297
0xb925 ,14.2909975
0xa1e3 ,42.080273
0xba23 ,19.181366
0x7e0c ,23.17731
0xce2b ,16.192106
0x2a0f ,34.435947
0x2c43 ,19.634869
0x13de ,15.3120985
0x86ff ,24.205193
0x5b4a ,25.944403
0x4f08 ,18.133368
0x2bf2 ,32.106037
0x8419 ,17.70953
0x85d7 ,36.811096
0x6a0a ,17.267864
0x5f21 ,40.12887
0x9ac5 ,28.509407
0x112a ,37.81513
0xe1ad ,17.580189
0xc60c ,21.511576
0xada5 ,34.673855
0x9d0c ,13.779081
0xc9ee ,25.020906
0x98b5 ,23.745125
0x7305 ,28.618275
0x46c5 ,31.917381
0x8f9b ,36.617043
0x139d ,16.352383
0xcaed ,19.00285
0x8bd2 ,26.440067
0xd8c9 ,18.082006
0x97bb ,24.256926
0x7876 ,27.608374
0x94dc ,19.842213
0x3d58 ,23.186262
0x4370 ,43.278126
0xdbb4 ,18.579512
0xb436 ,24.893312
0x9ace ,23.127012
0x60f9 ,26.702515
0x1a3e ,28.78297
0x6d4c ,23.763958
0x73a8 ,21.003725
0xa5b2 ,16.767094
0xc914 ,22.762833
0x7501 ,26.55223
0x65c9 ,21.503336
0x6a1 ,21.548912
0xcfb8 ,16.62263
0x7bf4 ,22.75125
0xcb1c ,23.34391
0x1559 ,24.385094
0x2143 ,26.220755
0x291e ,19.825459
0xd3b0 ,24.857208
0x4631 ,16.570429
0xe17b ,22.84813
0xc2d6 ,17.602194
0xb116 ,22.069677
0x203b ,37.01885
0x33c0 ,36.955105
0xb553 ,22.595194
0x7922 ,42.137615
0xa659 ,39.435417
0x9970 ,18.637993
0xd69e ,34.232113
0x7dfe ,38.49926
0x31cd ,23.534088
0xc516 ,17.929518
0xa115 ,41.509678
0xca2e ,37.49545
0x5ae ,20.536564
0x23de ,20.180973
0xb1e9 ,17.938532
0x8f63 ,16.897314
0xda9a ,36.175297
0x6942 ,24.087456
0x1d43 ,39.519836
0x95cf ,42.025417
0xd2b5 ,17.903255
0x5e2d ,19.971146
0x783b ,33.46078
0x4348 ,19.425291
0xd2a3 ,35.958893
0x4e3 ,30.134207
0x6aff ,16.4988
0x7388 ,26.466635
0xc69c ,46.20136
0xde11 ,15.993866
0x92d5 ,35.67068
0x21df ,13.434589
0xd2b1 ,36.96445
0xa20d ,18.326551
0xd4cd ,25.719475
0x5f5d ,21.52829
0xdd46 ,22.733486
0x2a11 ,36.07237
0xc8c0 ,26.508991
0xc6e3 ,27.529282
0x22d3 ,18.947344
0xce27 ,27.710716
0x30ad ,31.05462
0x1173 ,21.799528
0x10a7 ,38.84678
0x6f8d ,28.49164
0x55a8 ,25.401903
0x3c7e ,15.299391
0x879 ,27.958897
0x343a ,34.10399
0xba17 ,35.948193
0x19d2 ,15.873517
0x34e8 ,23.752989
0xb418 ,45.43099
0x92f8 ,25.116371
0x80ed ,28.191507
0xdced ,24.260975
0x6a02 ,32.604992
0x8708 ,19.581741
0x9ad ,29.022728
0xa1cd ,25.824322
0xc6fd ,33.939404
0xa0f8 ,21.939188
0x3ca2 ,26.685837
0xb922 ,16.752962
0xce66 ,25.659105
0x6847 ,33.72866
0xb6f3 ,21.455227
0x1e1b ,23.28665
0x6921 ,28.242262
0x65a2 ,17.226027
0x572b ,26.631836
0x94c2 ,28.749352
0xdf75 ,13.191428
0x886 ,27.817764
0xc12f ,23.796967
0x8f37 ,41.000057
0x9602 ,17.31772
0x6775 ,24.120758
0x3d9d ,31.236471
0x7e57 ,30.304777
0x1808 ,37.170235
0x3baf ,23.890163
0xa4ac ,19.183216
0x92b0 ,28.729872
0xcac6 ,13.459535
0xd226 ,19.422354
0xde8a ,18.692194
0xc506 ,23.405275
0xb6fe ,17.276766
0xb461 ,14.04061
0x1d59 ,41.57097
0x96e ,31.876345
0x8e3c ,23.410437
0x777b ,29.260376
0x8523 ,38.36314
0x4f9 ,23.562687
0x1c21 ,40.641045
0x3693 ,24.460136
0x8ad5 ,16.321714
0xdf8c ,14.754987
0x7a48 ,39.44517
0x44dd ,16.959084
0x4df5 ,25.866375
0x5efc ,19.52983
0x7a2b ,35.557095
0x9960 ,16.56517
0x152d ,24.799118
0xa484 ,23.83187
0xcee4 ,22.051249
0x667e ,24.980246
0x42d9 ,36.657608
0x34ae ,23.403225
0x547a ,34.62873
0x8f7b ,15.132504
0xa18 ,35.64936
0xdca5 ,37.18645
0x7ce ,41.94008
0xb28b ,17.116222
0xd3eb ,30.17287
0x383f ,24.326036
0x8fe0 ,48.019817
0x2d14 ,22.0217
0x9fef ,16.432316
0x82f2 ,34.801495
0x597 ,23.317356
0xb030 ,27.205872
0x75e6 ,35.36867
0xbdc6 ,29.01489
0x5403 ,15.065833
0x125a ,19.715815
0xec1 ,21.738949
0xb937 ,23.058939
0x826c ,22.779736
0x50e0 ,21.649567
0x627b ,27.290201
0x9d64 ,16.23058
0x748c ,29.933493
0x16f6 ,40.209404
0xd337 ,17.312319
0x38f9 ,13.088372
0x45c1 ,27.2649
0x9cfe ,24.170101
0x4079 ,23.02275
0xca35 ,18.186005
0x85db ,23.52501
0xada1 ,31.28267
0xa746 ,30.311089
0x1e62 ,25.79345
0x6ed0 ,17.72014
0x3229 ,21.79723
0x8d5c ,22.347815
0xd463 ,26.69435
0xcaf ,27.61976
0x906f ,14.793852
0xab74 ,21.356962
0xbf9f ,19.186451
0xd30f ,21.521395
0xb3df ,11.459365
0x8006 ,45.985325
0xcb67 ,28.084637
0x95c9 ,29.010395
0x362e ,34.865757
0xb0e9 ,40.032593
0x7e88 ,35.21471
0x1e3e ,13.178542
0x6557 ,45.445354
0xa89b ,18.40945
0xb6c9 ,24.126059
0xb15d ,25.229973
0x9e8 ,15.361297
0x62f0 ,16.209724
0x7504 ,28.060438
0x5f3d ,23.924734
0xd760 ,26.816092
0x6dcc ,12.831544
0x90ff ,37.144814
0xa8ab ,40.080856
0x93fb ,46.41991
0x7bc7 ,18.907043
0x848f ,37.471245
0x84e7 ,23.499847
0x7d35 ,39.464096
0xd15 ,25.763214
0x6788 ,13.465445
0xba04 ,36.261776
0xd9af ,45.670673
0x42af ,15.505947
0xb10e ,18.979841
0xb8cf ,20.704586
0xcd60 ,24.510714
0x36d8 ,28.864037
0x7231 ,24.050392
0xc719 ,36.943172
0xbaa5 ,38.42653
0xd4a3 ,30.100945
0x7589 ,17.52226
0x7c0f ,37.695152
0x1bc7 ,34.99925
0x31da ,35.731995
0x6d73 ,30.140057
0x2c35 ,22.602192
0x84c1 ,33.337624
0x9d53 ,19.52915
0xb371 ,32.532146
0xb85a ,28.796322
0x574 ,35.066196
0x5dc5 ,36.795597
0x5106 ,21.904894
0xb517 ,21.884024
0x6c1 ,17.375854
0x80a6 ,29.346096
0x21ef ,21.584568
0x954 ,17.75542
0xcc71 ,38.555275
0x5813 ,16.000925
0x207e ,26.744251
0x6253 ,22.04783
0x35bd ,36.993168
0xc8d6 ,26.46144
0x9557 ,40.829285
0x7707 ,36.633392
0xbe5f ,22.935106
0xb242 ,24.170525
0x958f ,20.501558
0x744b ,29.170046
0x6947 ,22.20296
0x2ef2 ,21.263086
0xbfff ,23.056618
0x1a5b ,24.362339
0x721c ,15.431965
0x1a37 ,34.204876
0x9a77 ,21.99023
0x7dbd ,28.69501
0x1023 ,16.150578
0x8170 ,28.796268
0x9d85 ,26.044338
0xdd30 ,13.353553
0x69bf ,22.784962
0xd141 ,15.24958
0x6e58 ,39.460827
0xa5a8 ,15.480875
0x2b25 ,22.99315
0xadbd ,21.942696
0xc6e ,19.397573
0xdd14 ,16.787712
0x3427 ,28.10175
0xce40 ,35.324654
0x6189 ,31.505533
0x65af ,17.8574
0x3320 ,26.079601
0x7b48 ,40.793793
0xb8d9 ,37.008274
0x1ed8 ,29.95902
0x3466 ,26.387545
0x14e4 ,37.175163
0x72c6 ,38.203014
0x9adf ,17.900427
0x920f ,24.951668
0x2010 ,23.928484
0x211e ,29.795052
0xd4a7 ,21.155867
0x5363 ,24.63259
0xaf2b ,29.436935
0x5ce7 ,45.55867
0x8a40 ,38.460815
0xa0d5 ,36.66371
0xba39 ,17.822834
0x2a9f ,20.764162
0x8706 ,15.287982
0x1883 ,19.821337
0xd889 ,26.705767
0x8087 ,20.805717
0x25f1 ,41.695972
0x24a7 ,35.31723
0x54ab ,18.017797
0x91d0 ,15.379576
0x2c57 ,21.185278
0x5307 ,22.995972
0x791e ,31.254822
0xdd04 ,36.273537
0x3273 ,28.338026
0x899e ,25.633945
0xb97 ,27.489323
0x3499 ,23.244612
0xa796 ,29.417185
0x86e2 ,29.718065
0x1d4e ,21.196198
0x844a ,21.326809
0xb11d ,22.972258
0xca3e ,17.861788
0xd467 ,14.997486
0x637e ,45.342854
0x2e30 ,32.177353
0x6f0 ,26.66995
0x6a7c ,28.52471
0x1819 ,22.566717
0xac95 ,17.18144
0xdc8 ,23.23818
0xc1f2 ,22.556278
0x5101 ,19.293917
0xd42c ,28.07751
0x9513 ,39.307648
0x98d2 ,47.97435
0x1484 ,26.144049
0x66bc ,45.15805
0xa70b ,34.933548
0x5829 ,38.857403
0xd232 ,18.22333
0x180d ,25.238235
0x88ea ,25.683475
0xcdcf ,18.41845
0x5bdd ,36.910564
0x62a ,33.88525
0xb5b2 ,15.029661
0xae9 ,27.669336
0x956 ,37.19657
0xdf55 ,13.1289
0x7d3 ,37.215706
0xb55 ,30.219522
0xd857 ,14.258854
0x553d ,29.065115
0x7f05 ,34.36253
0x13e3 ,21.279013
0x3998 ,17.24071
0x610f ,13.412141
0x5ed4 ,17.190977
0x9c55 ,13.074872
0x2e68 ,28.354792
0x7bc9 ,23.995243
0x21ee ,15.926915
0x82d6 ,16.292088
0x382a ,36.792995
0xc609 ,17.913599
0x7df0 ,29.407326
0xc14e ,21.94048
0x5e96 ,29.747044
0x1bb7 ,27.317532
0xb5e9 ,33.207092
0xc742 ,15.952252
0x96af ,15.438771
0x7771 ,44.877213
0x85a ,16.771559
0xc5e1 ,22.415905
0x2975 ,27.99753
0xb1cf ,22.871962
0x324b ,16.925499
0x750d ,16.988125
0x543c ,23.804367
0x844e ,21.79217
0x3fa5 ,29.453508
0x312f ,22.83774
0x1fe1 ,18.645212
0x49fc ,27.676397
0x8217 ,22.434553
0x3aa5 ,40.4855
0x424a ,21.73433
0x9ab6 ,37.46653
0xd0a8 ,24.552444
0xc81f ,17.919186
0x765e ,42.475937
0x4829 ,37.291794
0xa81 ,15.208686
0x94cd ,26.45002
0xd6e9 ,15.201819
0x6509 ,19.889273
0x391a ,18.435429
0x8023 ,21.675497
0xb21e ,22.47732
0x53c0 ,25.102718
0x7233 ,22.111134
0x465c ,22.920897
0xc3d7 ,33.914536
0xac5f ,23.39034
0xd3a2 ,30.280598
0xae41 ,29.201818
0x77b0 ,28.139868
0x7ebb ,39.501163
0x7990 ,36.875248
0x9c03 ,21.508703
0x668a ,21.347418
0x5338 ,35.339413
0x1b89 ,25.575554
0x52de ,25.383945
0xfc5 ,42.14646
0x3472 ,22.709265
0x939f ,33.409992
0xdf9e ,23.822453
0xa3ed ,14.215676
0x3207 ,33.03952
0xae8 ,25.104698
0xcd0c ,26.795443
0x4827 ,35.001312
0x7398 ,22.90664
0x580f ,20.517517
0xd00b ,39.392357
0xd0c0 ,26.151987
0x6342 ,50.836178
0x332e ,18.529232
0x86a5 ,23.775194
0x9caa ,26.18441
0xc484 ,21.021526
0xce7e ,21.138834
0x9072 ,14.96056
0xb003 ,34.093246
0xb3b3 ,23.285152
0xb159 ,22.714828
0x53db ,21.423374
0x61cd ,22.677675
0xbc0 ,23.361572
0x1117 ,16.687162
0xd097 ,26.375048
0x521a ,31.561514
0x7a7c ,46.16911
0x9338 ,16.986639
0x8bb7 ,36.27786
0x69b7 ,24.958591
0xa244 ,15.513484
0x2061 ,31.469769
0x9964 ,17.996346
0x5707 ,35.363983
0x2cc3 ,24.033962
0x1bd8 ,14.227292
0xd00a ,16.57533
0x456 ,26.795107
0xdacf ,25.44417
0x8a9e ,37.464325
0x60d1 ,18.198534
0xaf09 ,19.398605
0x104d ,22.360754
0x9249 ,25.97869
0x1b7c ,17.304522
0xd12d ,18.770779
0x8b1d ,37.70296
0x1098 ,25.509762
0x86fd ,37.455505
0xe048 ,15.910702
0x837f ,22.525562
0x8ac6 ,17.365288
0xbb95 ,21.14994
0xca39 ,37.58701
0x8de ,36.76614
0xab5d ,37.85151
0xb7dc ,27.865206
0x3733 ,18.435278
0xc10a ,27.035845
0xc850 ,13.530693
0x69fa ,22.412888
0x556c ,32.322945
0x8aa7 ,13.810704
0x7529 ,40.216564
0x6a2c ,24.25905
0xd2a7 ,14.600811
0xbe15 ,25.836658
0x8736 ,37.20225
0x84d7 ,18.759838
0xc105 ,26.896177
0xc183 ,22.407047
0x98af ,21.698034
0x7dac ,17.186626
0x6613 ,14.811521
0xbba6 ,26.523289
0x6b41 ,29.776566
0xb82d ,18.114204
0xaed2 ,29.352531
0xd43f ,19.425022
0xae2f ,24.281076
0x1235 ,17.479053
0x8791 ,28.726437
0x755b ,18.918676
0x914d ,35.7894
0x62fd ,15.432881
0x9962 ,37.65257
0xc05e ,35.34117
0xafab ,36.64871
0x8e50 ,18.412596
0x9b66 ,17.380735
0x1129 ,43.872715
0x8622 ,24.94449
0x5c48 ,15.737213
0x5fa4 ,28.377745
0x8e9 ,31.732557
0xbf78 ,25.97341
0xa873 ,27.134602
0xc332 ,32.22338
0x9791 ,34.61951
0x3147 ,22.404013
0x51be ,31.769045
0x94d7 ,28.841238
0x9f2a ,18.214153
0x476a ,23.329338
0x3a3d ,35.391197
0x588e ,24.036478
0x283d ,35.475357
0x8ee4 ,23.578878
0x8ad ,27.628954
0x3d5f ,22.717922
0x720b ,26.532173
0x2417 ,35.5303
0x831 ,32.506126
0xa905 ,29.484972
0xae01 ,22.572578
0x4bd9 ,13.606466
0x135b ,26.175486
0x741e ,25.215113
0x367e ,18.731668
0x3f95 ,22.052048
0x9453 ,26.879652
0x962 ,28.056694
0x8996 ,23.171482
0x3e00 ,23.07107
0x830a ,29.658411
0xcea6 ,21.448162
0xd143 ,15.342474
0x566c ,18.769552
0x6f00 ,23.646603
0xb561 ,23.514763
0x3543 ,13.962668
0xbf1f ,31.341316
0x4afd ,16.718485
0xaa22 ,25.519625
0x2966 ,27.296118
0xc5a4 ,37.156853
0x676d ,23.911345
0xd64d ,17.282026
0x8bdd ,17.216412
0xa953 ,29.36832
0x1418 ,16.55369
0xc73e ,21.85454
0x13ab ,32.356903
0x3a4f ,29.397179
0xd17f ,23.461653
0xc288 ,19.549131
0x5674 ,38.600574
0x1594 ,42.96546
0xcb0a ,20.034216
0x3b42 ,31.551558
0xc45e ,26.894455
0x86c8 ,36.85234
0x1f86 ,37.175194
0x6150 ,18.723766
0x3bae ,24.503714
0x7f7 ,24.225557
0xdfb ,32.868507
0x9f25 ,36.98546
0xd1fa ,20.758244
0x4532 ,42.83436
0x6ff0 ,23.792189
0xcd99 ,20.165365
0x9a68 ,16.9619
0x7c1e ,15.131826
0xb93f ,22.57502
0x2deb ,24.782082
0xa8ea ,29.396559
0x688 ,21.083462
0xbae9 ,39.72307
0x9c3f ,17.025883
0x2608 ,47.25818
0x960d ,22.456724
0x96d3 ,13.377264
0x7e68 ,21.503374
0x3be9 ,37.750725
0xe220 ,23.188759
0x258d ,37.694412
0x7fbb ,23.178085
0xc8a ,16.734243
0x9ffd ,17.617197
0xd5c2 ,19.085787
0x8864 ,37.122025
0xa3a ,34.37026
0x5a58 ,24.442394
0x9ef0 ,26.079767
0x8491 ,19.536184
0x8f2f ,23.64026
0x46d7 ,22.5137
0x594 ,22.879742
0x6f47 ,18.854898
0x7f43 ,27.517872
0xce0d ,17.59741
0xe033 ,17.180828
0x79fe ,23.00647
0x4f5f ,29.03585
0xa5ad ,37.353832
0x145c ,32.422832
0xa0e9 ,21.639572
0x1058 ,21.936031
0xde4a ,37.825935
0x25e7 ,34.93733
0x5bde ,16.941793
0xc66d ,36.696846
0x645f ,17.827812
0x5fa0 ,19.41559
0x9f23 ,22.394464
0x5291 ,16.092173
0x927c ,13.5458355
0x5695 ,18.291033
0x6042 ,35.214535
0xaed4 ,26.47483
0x6be9 ,49.82922
0x8f12 ,30.846481
0x1ef1 ,19.04514
0xa4f8 ,36.33939
0x1fe2 ,46.38723
0xa92a ,36.59436
0x8f6e ,16.650476
0x3801 ,19.187878
0x1fa4 ,37.680843
0x9601 ,17.175392
0xb32 ,24.077673
0x50c ,24.479958
0xb69d ,15.05849
0x30c7 ,22.957804
0x1879 ,17.251404
0x5942 ,28.598238
0xbd11 ,26.740023
0x355b ,21.225122
0x3e10 ,21.149487
0xc688 ,19.436352
0xb1cb ,28.348299
0x9c2f ,18.455214
0xa14 ,17.022724
0x76b6 ,28.121216
0xc974 ,34.977436
0x16c5 ,28.999594
0x81e5 ,39.323902
0x5782 ,23.517885
0x1d36 ,23.25969
0xae61 ,17.551022
0x4201 ,24.405325
0x88d3 ,16.925896
0xc27f ,42.030342
0x5f38 ,22.385292
0x5142 ,22.077171
0x5156 ,24.869371
0x3de5 ,49.305096
0x53bc ,36.759537
0x35a5 ,29.549234
0x9ada ,20.226667
0xcb4e ,19.17861
0xc171 ,22.570873
0xdd05 ,29.21048
0x36f2 ,20.122795
0xa842 ,14.917258
0x43b4 ,34.58409
0x2a4d ,33.684887
0x5738 ,24.746809
0x1055 ,40.268414
0xa4e ,22.734266
0xd210 ,19.03815
0x33ae ,34.804585
0x4896 ,13.662707
0x9505 ,22.39503
0x836f ,27.117409
0xa80d ,37.278996
0x632d ,24.956507
0xa299 ,17.239914
0x25ab ,18.46526
0xcc4b ,27.031004
0xbe3f ,21.217327
0x3da8 ,24.18601
0x99d9 ,25.121965
0x4295 ,35.3001
0xb567 ,26.318638
0x4b12 ,22.88856
0xa17 ,46.514908
0x567a ,24.293045
0xb7ea ,42.098877
0x7b3 ,31.14043
0x8e7e ,14.4666195
0x3e55 ,29.61256
0x75cc ,15.652965
0x3683 ,17.43146
0xe18 ,16.20897
0x17b9 ,15.195629
0xd784 ,27.588991
0x63c4 ,19.488495
0xd2ee ,26.819376
0x762d ,18.113426
0x9c52 ,40.03389
0x1b3a ,21.095068
0xa698 ,24.681679
0x3a76 ,15.974636
0x841c ,29.289913
0x7cb7 ,26.939981
0x6ed ,22.671087
0xbe0a ,16.000391
0x3c15 ,22.386232
0xde23 ,19.056425
0x8e37 ,18.684683
0x2e5d ,18.82429
0xb7b4 ,22.424658
0x3a17 ,29.420973
0xb7ca ,21.492083
0x22b1 ,21.300875
0x41ae ,18.64575
0xafad ,23.408825
0x1323 ,24.227602
0x39ff ,33.653267
0xc59e ,24.148418
0x9cca ,32.36649
0xb66c ,18.756945
0x26cb ,28.820457
0x3e18 ,15.355481
0xa423 ,19.784346
0x72b0 ,26.983532
0x5165 ,23.375021
0xc0e3 ,17.657646
0xf8e ,22.099562
0x8f85 ,23.108969
0x5ffd ,21.914558
0xd12e ,23.425947
0x88f2 ,20.885256
0x90a9 ,21.869308
0x12e8 ,39.907032
0x95fe ,19.823574
0x42b0 ,22.175943
0xa85b ,23.725948
0x52cf ,25.406342
0xb68f ,29.313574
0xd587 ,28.235115
0x6af5 ,36.637566
0xb30e ,24.124207
0x772 ,17.826319
0x9fbd ,34.161926
0xd17c ,19.416302
0xbdb1 ,23.326082
0x61a2 ,19.68689
0x3e0b ,15.514177
0x3c27 ,25.441214
0x13a4 ,23.993156
0xbc75 ,20.615376
0xbfdd ,40.540363
0xac6e ,35.981953
0x3bcf ,28.6548
0x2ff0 ,29.143787
0x3f92 ,24.534414
0xa752 ,27.697613
0xc9be ,15.666783
0x4311 ,34.784485
0x2d89 ,39.92975
0x2284 ,41.524364
0x9f89 ,29.149115
0xbcc8 ,20.435274
0xa090 ,16.860819
0x9e23 ,44.63845
0xb35c ,25.691723
0x4990 ,23.410866
0x4259 ,38.030727
0x6975 ,24.413973
0xa2a4 ,21.98101
0x5c5e ,23.623806
0x7203 ,18.500338
0xd5c9 ,13.919511
0x2056 ,21.793388
0x34e6 ,30.003675
0x6e32 ,42.889122
0xd6d1 ,42.95273
0xcb85 ,25.300636
0x9987 ,19.284279
0xbb6b ,22.67257
0x6d38 ,42.70428
0x6b33 ,20.021402
0x3e5e ,30.00306
0x5ad0 ,33.96466
0x9c74 ,40.198215
0xa9a9 ,45.178276
0xcf25 ,19.114517
0x68b0 ,17.13864
0xc2db ,28.43051
0xb145 ,28.641668
0xe00e ,17.313704
0x3d42 ,21.792326
0x862e ,21.837427
0xa48 ,26.355364
0xb8d7 ,22.525583
0x26b5 ,21.308472
0xb831 ,15.474774
0x87f2 ,28.911472
0xd39f ,28.377962
0x4bc6 ,34.063644
0x9515 ,35.142452
0x3215 ,34.557644
0x8a3f ,13.580852
0x430e ,26.5604
0x52e1 ,22.757446
0x4353 ,21.655554
0x8e1d ,12.491295
0x7eb2 ,24.917667
0x2511 ,14.652086
0xcbfb ,33.16378
0x52ee ,35.34735
0x5cdc ,19.686327
0x8995 ,14.780519
0x8558 ,18.678944
0x745a ,34.201775
0xc603 ,34.223507
0x385a ,19.937105
0x755d ,36.877167
0x5536 ,17.251596
0xd05b ,24.692678
0x875 ,27.465351
0x6c0a ,35.19644
0x300c ,21.78646
0xb3e9 ,21.117113
0x45a ,27.404917
0x50f ,31.789171
0x3659 ,22.922544
0x6ca0 ,22.525524
0x7ab3 ,18.096521
0x5658 ,21.961626
0xb537 ,22.93904
0xc00 ,40.232285
0x92d ,41.85865
0xa785 ,32.47452
0x4c78 ,22.779814
0xd374 ,17.86239
0x38aa ,23.979532
0x211f ,34.82852
0x88bc ,27.787739
0x3407 ,18.187235
0xca6d ,34.74304
0xa289 ,18.054388
0x3aa1 ,39.64209
0x6432 ,31.00716
0x6287 ,27.714325
0x601b ,22.866217
0x6426 ,21.917236
0xdf13 ,17.156395
0x4401 ,38.955193
0x9bae ,20.875532
0xbd8e ,29.888626
0xe061 ,25.764122
0x35a0 ,23.143976
0x42e3 ,21.68882
0x9208 ,28.373058
0x368f ,21.279137
0x5fdc ,13.625113
0xd16c ,17.241573
0x27bc ,26.30188
0x848c ,34.944893
0xb1db ,20.481213
0x93d6 ,32.245323
0xc4de ,35.101463
0x5c1f ,35.542786
0x888e ,25.130854
0xb8e1 ,38.469
0xbd34 ,17.275806
0x927f ,23.476278
0xbaa0 ,26.116488
0x4921 ,25.582657
0x442b ,24.523575
0x12e2 ,34.477634
0xcc3a ,33.30405
0xb28 ,27.156607
0x6134 ,40.76895
0x29b7 ,15.030311
0x8c6f ,18.736391
0x9aed ,30.489634
0xcf73 ,25.374378
0x949e ,35.058506
0xeb1 ,29.302565
0xa054 ,23.615166
0x8cd ,17.190344
0x66f4 ,36.588646
0x2a59 ,29.990305
0x5685 ,22.404806
0x6aa8 ,34.856514
0x9be9 ,22.956774
0xa61c ,29.05484
0x1f80 ,14.9986105
0x68ea ,23.332884
0x7c55 ,39.511353
0x698a ,34.24299
0x8e1e ,27.59285
0x6a8c ,15.183601
0x224c ,36.62034
0x21db ,28.229183
0x2fe9 ,21.449276
0x4c81 ,27.667933
0x41e0 ,39.324905
0x55ec ,32.79724
0x4d6d ,35.687054
0x8744 ,36.977276
0x4775 ,23.393045
0x2c19 ,18.409952
0x8773 ,18.989405
0x5d45 ,34.80147
0x7ae1 ,23.188295
0x13bd ,23.938438
0x7050 ,40.829117
0x4ef2 ,24.58004
0x96e7 ,18.972092
0xdf6 ,37.51625
0xb7ba ,16.727833
0x2ab3 ,44.688065
0xb1a ,28.77937
0x2501 ,22.312069
0x21cc ,26.497524
0x191c ,29.341297
0x7a67 ,19.31565
0x55bd ,25.433931
0xf7d ,39.382984
0xa216 ,26.352373
0xd4d8 ,23.198866
0xdef3 ,30.59432
0xee6 ,27.092802
0x703c ,24.393925
0xde95 ,44.578358
0x9409 ,16.932034
0x6171 ,29.061062
0x2dcb ,16.753553
0x7749 ,26.289597
0xd709 ,23.658676
0x515c ,12.606813
0x808a ,15.449558
0xbd94 ,34.146027
0x64ea ,17.539228
0x65a7 ,36.92287
0xb120 ,20.863306
0xd7a7 ,24.451183
0xddda ,22.51667
0x4ce3 ,30.447908
0xc4d0 ,24.42057
0xb720 ,42.06901
0x9f20 ,26.348574
0xd09a ,30.542807
0xdfa0 ,14.2798
0x7da1 ,17.560635
0x6ea9 ,42.62189
0x3e61 ,22.513233
0x12b4 ,48.832558
0x79c0 ,21.322136
0x423b ,21.180832
0x8369 ,15.398691
0xd1d7 ,22.041971
0x9c13 ,31.187136
0x4703 ,26.061901
0x37e8 ,22.238037
0x7b67 ,29.493422
0xd568 ,31.442839
0x2a21 ,24.171
0x2190 ,23.824942
0x9b6 ,21.215864
0x1c78 ,16.001009
0x85ca ,17.661509
0x4fcc ,33.64202
0xb885 ,17.62114
0x48d9 ,27.693308
0x9c14 ,23.788143
0x17c9 ,28.895475
0x1804 ,22.00842
0x16e3 ,21.781532
0x691 ,27.98643
0x33c9 ,37.27295
0x8af1 ,37.285656
0x105d ,25.042688
0x233d ,22.78726
0x1b18 ,15.669244
0x56c2 ,26.168324
0x4b8b ,23.087534
0x95c3 ,12.974387
0x96a ,18.339087
0x8014 ,17.801449
0xdbb ,37.145077
0x8fe5 ,37.101566
0x9092 ,23.756155
0xf0b ,26.210154
0x8382 ,22.612413
0x2276 ,12.95155
0x4983 ,15.194773
0xbf8a ,21.741398
0x8a16 ,21.59984
0x2ab9 ,35.29156
0x84c5 ,17.128298
0x6348 ,22.227741
0x9f97 ,14.055306
0x6494 ,34.59443
0xc12b ,19.854195
0xa06 ,24.077448
0xaab1 ,18.244781
0x31bc ,29.123379
0xa4ef ,30.142212
0xc557 ,38.077095
0xaf15 ,17.74454
0xa0f6 ,28.572548
0xa2d1 ,21.154428
0x3bbf ,18.331425
0x70f7 ,15.292426
0x1f00 ,22.601225
0xc045 ,45.58183
0x2227 ,37.20059
0x59d9 ,17.789276
0x4568 ,22.816378
0xafe6 ,25.123024
0x85d4 ,30.477444
0xc7db ,28.53356
0x48b1 ,41.954075
0x4415 ,27.656956
0x65db ,19.793993
0xd160 ,27.660875
0x7cf5 ,21.874739
0x29d8 ,44.02824
0x17aa ,15.7104645
0x98ef ,42.268383
0x3365 ,19.945614
0x54bc ,15.348883
0x2e2d ,35.178143
0x36fd ,43.942173
0x4e63 ,29.700935
0xb2bc ,17.850292
0x99c8 ,23.291327
0xce42 ,18.902771
0xac1e ,16.089388
0x5e05 ,36.449253
0x786e ,29.345068
0x383e ,25.847532
0xb34e ,21.530333
0x9096 ,17.772192
0x4394 ,18.20696
0xaedb ,48.26235
0x6029 ,41.583572
0xc66b ,37.31685
0x7fe7 ,15.309552
0xa7f7 ,16.801304
0x48a0 ,22.71181
0xdf05 ,39.51225
0x60a7 ,34.275295
0x1c9a ,25.834845
0x896c ,23.990242
0x5c12 ,29.076746
0x96b6 ,21.028439
0xa409 ,17.598959
0xa02b ,34.123875
0x4d83 ,23.969883
0xcd20 ,17.859303
0x837b ,28.62503
0x4286 ,35.459465
0xb439 ,27.616587
0x21ff ,27.7891
0xdcec ,21.576694
0x8ea0 ,28.757818
0x145f ,18.118328
0x623d ,44.17058
0xd8ea ,29.00504
0x3c33 ,22.858187
0x7d23 ,29.902525
0x416e ,24.27949
0x916d ,24.265182
0x31a6 ,36.270485
0xd0c8 ,33.86428
0x9c34 ,15.435177
0xa44a ,29.77373
0x8559 ,27.344263
0x5740 ,11.5166235
0x1e25 ,18.065966
0x65ff ,17.183117
0x28cf ,33.146664
0xcfb4 ,24.578285
0xa980 ,23.470713
0x3b86 ,26.29828
0x4555 ,29.560823
0x4da3 ,28.966448
0x9ab5 ,17.607573
0x68f2 ,29.101128
0x40e2 ,21.54061
0x7eeb ,41.976166
0x14a9 ,17.454119
0x299e ,33.21176
0x76ec ,22.741713
0x8aa3 ,33.2484
0x8f86 ,24.165417
0x30fd ,31.564468
0x7aa6 ,25.140188
0xc4e9 ,18.0848
0xc32e ,25.915026
0x6aaf ,37.894543
0x1ba3 ,21.629028
0x8151 ,36.35188
0x243f ,21.08069
0x2372 ,25.644157
0xdcf6 ,26.106897
0x3dbc ,21.232265
0x3eb8 ,13.6756115
0x480e ,40.02046
0xe22c ,24.586962
0x53cd ,24.88594
0x583e ,20.808714
0xc1b1 ,31.336731
0x58b6 ,21.270775
0xc8e1 ,27.342627
0x4d22 ,17.88903
0xd7fd ,20.113688
0x8f5f ,35.479134
0xadb9 ,21.477982
0x5f17 ,15.544355
0x5f9f ,36.734608
0x1c24 ,22.406322
0x3fa3 ,37.69144
0xa6a1 ,23.867426
0x3814 ,10.675278
0x3e64 ,14.460107
0xd5e4 ,22.296755
0x9bc4 ,30.245588
0x8f03 ,24.214354
0x5839 ,29.81964
0x63e0 ,19.67553
0x3687 ,14.83029
0xa7f6 ,26.60952
0x9314 ,18.84517
0xa520 ,33.20595
0x8470 ,15.215297
0x85c6 ,24.099707
0xcec9 ,38.087513
0xa128 ,28.834578
0x1ab3 ,21.737501
0xab0d ,35.86634
0xd7ff ,24.402243
0x3858 ,32.131447
0x24d4 ,50.91327
0x1958 ,29.422373
0x699c ,15.429478
0x71cb ,49.13294
0x5984 ,19.336222
0x52e4 ,13.80831
0x7b19 ,17.977472
0x1a38 ,23.803322
0x7d60 ,16.540707
0x6bd7 ,35.911663
0x2228 ,23.412773
0xccb1 ,14.822207
0x738c ,50.87816
0x16a8 ,25.080906
0xaf1d ,44.22746
0x5a48 ,17.841402
0x5da0 ,13.80811
0x4740 ,17.907942
0xdcc9 ,17.637125
0x85e1 ,24.738863
0x8f27 ,28.311026
0x5007 ,22.317099
0xaac4 ,29.770683
0x7c5f ,18.727629
0x286f ,22.56394
0xa353 ,18.085726
0x8e6 ,23.68338
0x4df3 ,29.1062
0x1312 ,49.89463
0xaac9 ,23.272009
0x2efc ,24.75641
0x2897 ,23.07022
0xd298 ,39.078613
0xd821 ,36.724728
0x5dc6 ,23.281832
0x6646 ,25.861847
0x14e3 ,21.856962
0x7c56 ,22.970304
0xddeb ,16.300581
0x911c ,23.412394
0x1b09 ,25.734858
0x44d1 ,16.28043
0xad41 ,28.187672
0xd5cc ,16.42611
0xafee ,28.652771
0xd03 ,24.712612
0x6831 ,17.99075
0x924e ,43.156643
0xb25c ,13.318902
0x870b ,15.392287
0x1ff4 ,28.59424
0xd8db ,39.84942
0x8063 ,23.161499
0x5d6a ,30.313942
0x1a49 ,22.205055
0x2d9b ,18.029333
0x6b47 ,21.40695
0x59cb ,36.092964
0xe05c ,35.909763
0x107e ,18.703354
0xc198 ,24.631971
0x22e4 ,26.908178
0xce9e ,35.440266
0x803d ,28.09132
0x16f5 ,22.275217
0xcca4 ,29.533596
0xa8e5 ,22.353277
0x6ed7 ,26.187716
0x15c0 ,28.941278
0x55ad ,28.194126
0x1548 ,28.508682
0xaa80 ,45.47289
0x3954 ,21.08035
0x483b ,15.764422
0xc1d ,26.116337
0x5cb6 ,21.57308
0x9199 ,16.055208
0x5669 ,22.345495
0x2a8c ,22.737331
0x895d ,36.4803
0x9f6a ,15.146291
0x2cc4 ,29.941635
0x8e64 ,24.586645
0x4c90 ,21.620272
0x271a ,45.306767
0x8d06 ,15.805085
0x1eec ,22.87484
0xd233 ,24.421017
0xc78e ,45.745476
0x6c90 ,23.466848
0xa121 ,22.256538
0x6d41 ,14.806657
0x475f ,14.990535
0x1408 ,37.608467
0x94d4 ,15.862588
0x1d5b ,15.8958645
0xa30 ,18.165836
0x6ead ,22.03189
0x77f6 ,22.036688
0x534a ,33.802563
0x5638 ,14.126702
0xb2a1 ,23.157816
0xb526 ,36.28413
0x6288 ,35.34676
0xa5d4 ,28.656853
0x7f86 ,37.20948
0x79e5 ,17.605667
0xcff7 ,51.46891
0x7ee ,17.015743
0x39c9 ,15.02873
0x206a ,41.184353
0x7ccc ,24.860794
0x1c64 ,30.104876
0x3c62 ,36.29425
0xc570 ,20.196861
0xcfe7 ,40.457405
0xbb77 ,22.319366
0x4b0f ,27.769669
0xb9a4 ,29.905005
0x7b3b ,48.515293
0x5284 ,26.52534
0xd717 ,25.571905
0x52ce ,19.15251
0x86c1 ,24.996208
0x40c4 ,17.739908
0x916 ,25.051971
0xe06f ,32.223747
0xb6e3 ,21.1989
0x5a56 ,26.565077
0xb044 ,21.853441
0xb276 ,41.525253
0x404b ,30.140364
0x2251 ,25.979494
0x1e2c ,41.874943
0x6550 ,20.920914
0xd208 ,21.882977
0xb827 ,14.540939
0x683f ,18.564997
0xcced ,32.758396
0x73c5 ,42.47789
0xb80a ,18.07218
0xc1bd ,15.067233
0xab87 ,29.024395
0x6846 ,17.658745
0x66cb ,34.72958
0x22ac ,28.066486
0x1d05 ,13.404559
0x1508 ,22.506279
0x409d ,18.034155
0x18e2 ,22.737986
0xd4e5 ,20.118376
0x8e6a ,36.608833
0x7d67 ,38.942287
0x55ae ,22.573917
0x92b5 ,21.04064
0x4681 ,32.857967
0x3f3d ,19.243671
0x4fa7 ,38.11826
0xe255 ,30.465143
0x6cd4 ,22.903038
0xcc7f ,31.982523
0x1df2 ,13.007109
0xb552 ,23.214617
0x9b23 ,18.051538
0x249a ,22.03444
0x1854 ,18.898321
0x8f11 ,17.893826
0x66d8 ,24.60712
0x833d ,34.864685
0xc6af ,19.803085
0xc8a3 ,21.872988
0x6d70 ,33.272156
0xbe44 ,19.662735
0xdeb3 ,12.978823
0x481d ,28.223804
0x6514 ,28.037136
0x1e0c ,22.988333
0x8d2e ,36.768826
0x5ca0 ,15.713843
0x6614 ,18.032003
0x8ecf ,21.642208
0x8331 ,13.962804
0x4c87 ,23.069687
0x4a37 ,35.13853
0x49e7 ,45.4013
0x5513 ,28.660381
0xbe29 ,22.036531
0x78c0 ,28.57228
0x3890 ,14.662896
0x1490 ,22.056494
0x5c5a ,22.54939
0xa48b ,21.598032
0x3fa9 ,19.348701
0xb2f2 ,37.04594
0x7b71 ,19.55922
0x2628 ,38.185593
0xb650 ,29.91519
0x92b7 ,15.953673
0x4010 ,19.223177
0xcf66 ,30.12432
0x9a5c ,30.372494
0xbae5 ,28.57406
0x6d4a ,39.00171
0x67c0 ,23.650959
0x13c4 ,40.83283
0x457e ,19.503277
0xc984 ,36.382988
0x1c07 ,33.87603
0x4a7b ,34.45674
0x2131 ,22.769365
0xca25 ,21.556063
0xa051 ,25.714725
0x8804 ,22.796446
0x7af9 ,29.218182
0x7964 ,38.819916
0x5b15 ,31.791162
0x8f0 ,38.431282
0x15cb ,19.36322
0x7f5e ,24.150635
0xda5 ,19.449398
0xb756 ,37.458664
0x6e6d ,24.69123
0xcd5e ,14.952116
0xdc93 ,27.904135
0x9a0f ,45.824177
0x96d4 ,52.23173
0x8473 ,34.660038
0xd666 ,29.150858
0x3f11 ,22.93976
0xc00a ,16.325058
0x7581 ,20.876469
0x2930 ,20.382359
0xa1ba ,35.798153
0x8fcb ,27.560778
0xc8c8 ,33.430973
0xd117 ,20.992437
0xa0fb ,38.871536
0xc330 ,23.94864
0x52b9 ,24.747356
0x16fc ,22.033176
0xd6e4 ,25.702667
0x6f2d ,28.516851
0xb5e7 ,13.943845
0x234b ,14.205268
0xac86 ,17.732534
0xafe8 ,17.549692
0x446d ,23.78452
0xd1b3 ,33.074574
0xc589 ,38.9355
0x1995 ,17.34032
0x16da ,27.47171
0x6fa0 ,14.986781
0x50d0 ,22.98382
0xafaa ,18.852375
0xaa15 ,17.571623
0x97de ,18.665785
0x945b ,19.648815
0x9456 ,19.477516
0x2b69 ,46.498474
0x4900 ,32.511024
0x399c ,22.833214
0x7ca8 ,33.883152
0x9506 ,37.08673
0x3f4c ,24.152176
0xaeb4 ,46.50771
0x3ac9 ,23.3344
0xc005 ,20.19786
0xaef4 ,22.49727
0x3528 ,15.593019
0x169c ,21.103327
0x203a ,15.293585
0xa95a ,19.240643
0xa390 ,20.099245
0x173c ,32.43015
0x7364 ,35.24782
0x281a ,53.281796
0xe08 ,29.160395
0xb58f ,31.584587
0x8c3c ,28.809147
0xdb08 ,26.318035
0x47b ,13.281422
0x9289 ,24.06944
0x7a53 ,20.205387
0x5c4 ,22.70302
0xc494 ,37.761772
0xdafc ,44.954647
0xc94b ,40.85722
0x16fb ,18.746693
0x5595 ,23.715675
0x708 ,22.754745
0x93c8 ,22.191978
0xa560 ,16.585436
0x98a9 ,46.247448
0x72ed ,19.598637
0x2b5a ,34.70324
0x9b6d ,21.0338
0x1423 ,20.461693
0xd174 ,28.971329
0x1076 ,26.752405
0x4416 ,26.211596
0x6d9a ,19.746996
0xb292 ,17.445635
0xb8fd ,18.565771
0x4904 ,27.878126
0x5a75 ,45.276993
0xb6d3 ,17.256903
0x41d6 ,22.862053
0x1f33 ,13.590103
0x7e92 ,26.45101
0x3c75 ,31.426441
0x3c18 ,25.424967
0x447 ,22.532545
0x2b04 ,32.772568
0x5e88 ,18.415968
0x4a66 ,26.931986
0x9e07 ,16.43962
0x58a8 ,16.291367
0x5bda ,38.516003
0x4837 ,24.1026
0x3ee ,20.934721
0x23e9 ,26.711967
0x1758 ,25.407291
0x337b ,18.977852
0x6674 ,42.50718
0x1582 ,25.827183
0x7ea8 ,17.925373
0xa42f ,14.416759
0x8cc3 ,20.944857
0x43ef ,24.643276
0x6335 ,22.236012
0x5f9b ,17.05542
0xc3f2 ,36.79756
0x68cf ,24.649035
0x55db ,34.596924
0x4e30 ,38.781418
0x6ef4 ,23.869583
0x76a ,39.028152
0x9da3 ,25.382324
0x4c2a ,25.113628
0x6ba4 ,26.082655
0x8cec ,34.829655
0x8c68 ,25.058374
0xdabe ,16.452969
0xdc45 ,29.401997
0x26a5 ,38.66905
0x5409 ,34.79791
0xa293 ,16.78616
0xb14c ,17.46754
0x63a4 ,32.85338
0xc9ff ,31.331718
0xa38b ,24.214308
0x5760 ,11.911682
0x612b ,20.562954
0x67b ,26.390945
0x5034 ,22.292824
0xd499 ,18.099617
0x912a ,45.662624
0x9bff ,15.257486
0xc265 ,28.95766
0x1eed ,23.4926
0x4168 ,29.987535
0x7893 ,19.613861
0x9cf1 ,26.57637
0xd357 ,20.620277
0x262d ,30.876013
0x57c5 ,24.28229
0x5a32 ,13.731775
0x3e96 ,29.356527
0xc473 ,21.937635
0xb6a3 ,22.3652
0x1792 ,45.77213
0x933e ,36.986546
0x2dbc ,36.89362
0xf35 ,21.29082
0x8da5 ,15.094647
0x8168 ,16.437433
0xc61c ,16.701351
0x1a1f ,35.773563
0x9849 ,21.880411
0xce3f ,32.15072
0x5a31 ,30.35166
0x48e7 ,35.428135
0x6e82 ,37.189053
0x5c55 ,23.73297
0xa7fe ,47.643692
0xd14e ,28.48671
0x17ed ,26.293629
0x6618 ,36.28548
0x5d76 ,24.32307
0xa9f5 ,23.69726
0x862b ,22.34731
0xc774 ,19.194977
0xc50 ,15.259084
0x5421 ,15.20166
0x501f ,16.253124
0x32e0 ,14.830661
0x1b36 ,20.356747
0xe173 ,27.442293
0xdc50 ,24.31982
0x6d82 ,22.276657
0x7c62 ,35.42665
0x227d ,34.543594
0xd0e8 ,17.003931
0x411a ,33.964172
0xb058 ,21.348005
0x28d2 ,17.210184
0x456d ,18.595697
0x4094 ,22.073067
0xd88b ,45.796135
0x4e7a ,31.707909
0x39e2 ,25.331684
0x4cf ,28.028845
0x6b8d ,14.354359
0x121e ,16.01243
0xbeb5 ,24.658085
0x3cc0 ,33.014565
0x477a ,22.522974
0x84af ,30.085527
0x55e3 ,16.864742
0x2350 ,41.479324
0xb021 ,42.242287
0x819b ,18.972792
0xcbcd ,23.407751
0x6584 ,20.643742
0x29c6 ,23.836004
0xda2e ,24.135408
0x71aa ,19.523651
0xbbe6 ,15.79431
0x7868 ,41.55422
0x29f2 ,27.471495
0xcbac ,33.04864
0xdc6a ,21.774391
0x91ad ,23.490181
0x85e7 ,26.136526
0xb4d9 ,17.637037
0x767a ,27.46708
0x7ebe ,18.471004
0xb7aa ,24.018564
0x6c6f ,28.201391
0x11ac ,44.387646
0x540e ,22.901022
0xb451 ,21.629442
0xa6d0 ,40.528717
0x9ab1 ,24.353834
0x5743 ,33.520657
0xbf35 ,27.22136
0x6b2c ,36.175793
0xa80e ,29.746841
0x7d6d ,29.742357
0x2d78 ,28.352621
0x9f44 ,24.914558
0x932c ,11.410546
0xbe55 ,31.075144
0x50b4 ,20.888474
0x5aff ,48.819786
0x781b ,18.235155
0x67c2 ,24.796968
0xd59b ,19.469278
0x9c59 ,23.106335
0x3b1b ,35.153175
0x58e7 ,24.133364
0x5ee4 ,15.096389
0x8c81 ,39.47966
0x64fa ,34.650265
0xb4fd ,27.955011
0x5005 ,17.615047
0x7512 ,40.35384
0x77f0 ,28.307817
0x7e33 ,22.413897
0x50e2 ,36.924213
0xc3e6 ,23.528826
0x8304 ,26.067772
0xde67 ,33.979275
0xd87f ,15.546245
0xb6e8 ,39.34573
0x1e16 ,17.96472
0x5b79 ,19.399555
0x1f15 ,17.627909
0xdbd3 ,23.942022
0xdc03 ,22.872799
0x3983 ,27.713827
0x12ac ,21.697798
0xd9f4 ,29.374067
0xdded ,22.91302
0x6c1c ,19.641516
0x187a ,28.168634
0xa742 ,21.975777
0x219a ,19.336634
0xc0bd ,18.749657
0x5f95 ,15.460556
0x86df ,21.858435
0x8cc0 ,15.014401
0xe144 ,19.907833
0x97b1 ,25.911201
0x4b10 ,38.3196
0xc221 ,24.590096
0xb49d ,15.417061
0x6893 ,34.185123
0x3e63 ,16.213392
0x5915 ,28.133326
0xbca5 ,20.300625
0x3480 ,28.125568
0xe032 ,29.41561
0xa3d ,37.711197
0xb528 ,26.500648
0xb559 ,17.760004
0x89a5 ,21.44516
0xbbee ,20.309048
0x94a5 ,45.85223
0x85a5 ,40.63679
0x73ab ,24.408003
0xa362 ,16.482061
0x200d ,28.18142
0x39a0 ,30.472448
0x6e22 ,22.803799
0x38dc ,36.773693
0xc2e9 ,18.005777
0xc0b6 ,23.373125
0x79b1 ,27.166918
0x379f ,33.997
0xb2c3 ,37.17839
0x6c45 ,45.4486
0xbec2 ,20.436638
0x3975 ,25.740343
0x4467 ,33.56949
0x5cf3 ,24.308474
0x6c36 ,16.691362
0xa5e8 ,23.5175
0x2fb4 ,39.55088
0x59c5 ,14.971125
0xd088 ,17.143269
0x8f91 ,41.875668
0xc0d3 ,29.548914
0xa929 ,23.07412
0x4e1b ,18.491219
0x5225 ,48.26795
0x3c2b ,28.683151
0x880f ,12.582603
0x5c9b ,22.517178
0xbb4f ,29.40243
0x4284 ,22.439777
0x4089 ,14.942612
0x1c39 ,19.368141
0x40a ,22.226534
0xd47 ,29.645546
0xa2ce ,19.486345
0xec4 ,18.42855
0x9980 ,14.6093645
0xab0 ,29.477655
0xbdfd ,24.746218
0xc8d7 ,29.799503
0x80d5 ,17.455761
0xb096 ,24.864643
0x5377 ,16.789206
0xec2 ,21.548979
0xad00 ,23.963835
0x7663 ,30.25226
0x180f ,33.790863
0x5f06 ,27.524101
0x83b1 ,25.165901
0x6fc8 ,28.4879
0x2f05 ,36.290154
0xa770 ,16.204292
0x1a4c ,28.594526
0x6ac ,26.277332
0x27a2 ,24.743404
0x9427 ,17.555422
0x3149 ,41.922207
0x656b ,21.167465
0xc1a ,36.927643
0x3c6b ,23.073412
0x5fab ,39.99122
0xc8d4 ,21.850441
0xcaaa ,16.43485
0xc1b2 ,19.198463
0x2cb1 ,41.880074
0xd9c5 ,33.060875
0xd21b ,33.20714
0x87c7 ,47.742226
0xb16b ,29.58997
0xb98b ,29.053297
0x95b8 ,23.95751
0xa5f ,15.826101
0x4009 ,24.694992
0x9256 ,37.542606
0x8bef ,17.335314
0x64d6 ,34.647568
0x134c ,17.343706
0x12c3 ,21.227379
0x66e1 ,14.950648
0x4e14 ,23.764128
0xa6e5 ,34.357277
0xd0d3 ,22.632402
0x5777 ,26.770786
0x4155 ,36.742386
0xb25f ,27.042616
0xc172 ,14.886107
0x8bad ,23.084484
0x6df5 ,39.810493
0x4b72 ,23.611887
0xb6a7 ,32.367188
0x30e9 ,16.803204
0x7872 ,40.7003
0x81c0 ,20.362919
0x4d02 ,15.3245535
0x42b7 ,28.036192
0x4ef3 ,34.835247
0xadc8 ,47.592934
0x9503 ,10.838283
0x171e ,46.111427
0x36c8 ,26.039875
0xba64 ,22.167482
0x8c12 ,19.893774
0xba56 ,17.015274
0xa3da ,38.26362
0xa49c ,22.985857
0x129f ,25.205027
0x5e89 ,15.103489
0x5387 ,35.182835
0xdd2d ,37.624687
0x631c ,15.175722
0x1259 ,37.211346
0x1866 ,32.376183
0x6f18 ,22.923235
0xd624 ,28.65928
0x9d19 ,43.491886
0x6a80 ,21.007486
0xf1b ,20.82654
0x183d ,44.434586
0x906a ,41.905354
0xc389 ,19.4544
0xe238 ,19.525393
0x2beb ,48.449753
0xb228 ,26.911854
0x588f ,27.19266
0x64c7 ,37.912304
0xbb0b ,20.461111
0xd1bb ,38.080734
0xadd1 ,26.319323
0xaffd ,31.120626
0xa5b9 ,21.638264
0x1d39 ,23.53042
0xc8c1 ,21.377823
0x4e5 ,30.16112
0x12b5 ,18.305017
0x3a3f ,28.441437
0x1cf7 ,17.480791
0x9fb1 ,34.03458
0x2ce8 ,40.590206
0x2d54 ,17.791296
0x3ae4 ,20.988426
0x5ae3 ,28.674309
0x624b ,16.233122
0x31d4 ,26.252424
0xe237 ,37.344975
0xa869 ,28.88374
0x9d6c ,12.8673725
0x4228 ,38.97844
0xb8a3 ,21.374674
0x9955 ,24.0595
0x505 ,26.94864
0x71ee ,42.238785
0x6068 ,45.725086
0x7674 ,17.886131
0x9fd ,27.528358
0x9ff4 ,22.459873
0x54e0 ,15.330522
0x4c16 ,43.95613
0x944 ,22.665495
0xcc94 ,26.386818
0xb1d0 ,16.03304
0xc425 ,23.229504
0x8785 ,18.62987
0x3c71 ,25.412807
0x35a8 ,15.39717
0x7d29 ,29.959677
0xb524 ,36.243984
0x9485 ,15.111129
0xa51e ,21.171888
0x53b3 ,28.360632
0x96a1 ,22.958916
0x5275 ,24.234285
0x7a37 ,24.30282
0xb056 ,18.97936
0x56ef ,22.313196
0x491d ,17.037403
0x7b3a ,25.235113
0x7826 ,17.405035
0x486e ,15.490614
0x7919 ,25.269629
0x2087 ,15.108775
0x849c ,35.087753
0x3728 ,23.142681
0xc85f ,35.276882
0xa267 ,18.759567
0x4c8d ,19.548172
0x3ca8 ,23.040028
0x37c6 ,21.662706
0xbbc1 ,48.642647
0x471b ,21.819433
0xb0cb ,43.426403
0x1e9f ,24.983572
0x1fe7 ,27.39562
0x8f6d ,14.373683
0x52b0 ,41.450535
0x5812 ,17.759514
0x90a ,39.70442
0x27a5 ,17.681288
0x69b9 ,24.729567
0x682b ,38.631126
0x2895 ,21.927923
0x8b0f ,39.238182
0xadfa ,13.573339
0x9045 ,22.248102
0x5104 ,22.620125
0xb787 ,30.187838
0xdc8f ,19.632717
0xac9f ,28.64704
0xa88 ,37.325462
0xbccc ,28.758726
0xc1da ,16.172966
0xd998 ,15.791762
0x5968 ,21.657162
0xbcc5 ,28.492178
0x1cd7 ,18.070824
0x732 ,37.799026
0xd7d7 ,29.019848
0x8f8c ,28.816196
0x5fd6 ,23.089956
0x6547 ,45.22207
0x1d66 ,24.078749
0xa1b6 ,22.792467
0x4166 ,21.587664
0xbd89 ,36.36722
0x3623 ,21.299984
0x82a ,28.924786
0x38af ,18.405119
0xc682 ,39.778267
0x2f00 ,25.599491
0x2ab8 ,23.161776
0x67b6 ,37.378517
0xead ,25.878994
0xa64d ,27.569645
0x5d82 ,22.197992
0x79d ,22.13283
0x9b3 ,24.014767
0xd950 ,17.998133
0x84e6 ,26.896515
0xd46b ,30.190182
0x4f75 ,24.356644
0xbac0 ,30.102167
0x2509 ,43.310986
0xbf47 ,32.352093
0x7336 ,25.168148
0xd9b3 ,28.993797
0xa396 ,44.704166
0x7ff3 ,41.027374
0x4525 ,19.407286
0x5dd9 ,23.954384
0x4919 ,19.426641
0x44cd ,22.673275
0x3bff ,45.366756
0xc865 ,32.355736
0x98e9 ,30.472479
0x5833 ,27.295225
0xc913 ,41.49357
0xaca1 ,45.553
0x93e9 ,22.735119
0xc411 ,25.68374
0x38f3 ,38.62508
0x24db ,29.678253
0x91e2 ,32.036564
0xb1e3 ,14.744594
0x61ec ,36.938023
0xb930 ,18.888489
0x1b93 ,15.266633
0x6c1e ,27.333607
0x7ded ,13.223571
0x2611 ,39.803776
0x21ea ,15.771761
0xc50c ,17.202225
0x5d65 ,36.366898
0x3871 ,35.199474
0xc9fa ,42.042404
0x702d ,36.76736
0x81ea ,21.949244
0xd6ee ,13.572617
0x9f10 ,39.794537
0x6071 ,21.831718
0xc81c ,31.364227
0xc262 ,24.374832
0x7dc7 ,16.425005
0x5c0f ,22.501745
0xcf24 ,30.44498
0x2bb5 ,17.340279
0xb510 ,22.95734
0xb547 ,17.262465
0x3294 ,40.15542
0x68a6 ,16.806477
0xa062 ,26.24624
0xa546 ,34.863285
0xd99a ,35.43857
0xaf20 ,21.364641
0x8e8d ,23.325962
0x1ee0 ,29.128326
0x4fa0 ,37.415165
0x7c80 ,21.051682
0x1ad2 ,19.669
0x9fad ,17.632221
0x13e9 ,25.57633
0x1c0d ,11.393404
0xae12 ,37.07964
0xa43a ,26.34624
0x735c ,17.816858
0x1008 ,20.045795
0x8606 ,33.756298
0x303c ,20.78199
0xc3d6 ,16.473812
0x127f ,21.672096
0x7108 ,16.653175
0x635a ,18.194078
0xa470 ,18.382254
0xb66f ,36.46873
0x66a9 ,34.26183
0xc71f ,21.830717
0xdc2 ,28.792158
0x35bf ,14.243503
0x5cab ,26.077286
0x5cf1 ,33.920677
0x8157 ,19.799423
0x37f5 ,44.53456
0xd35c ,23.019615
0x70c7 ,23.656528
0x863c ,29.9325
0xa2b ,30.732796
0x6c96 ,29.042963
0x204b ,16.164377
0xde10 ,19.58872
0xb433 ,22.543667
0xa87c ,17.144224
0x7d76 ,18.653921
0x24eb ,14.927457
0xa5a4 ,17.370068
0x64f8 ,15.552013
0x747f ,28.493082
0x6064 ,14.421437
0x47b2 ,20.495361
0x87a7 ,38.317696
0x35be ,40.343754
0x534e ,15.701734
0x3a04 ,24.78874
0x5f74 ,25.043756
0x3daf ,22.342363
0x77e2 ,19.05658
0xf81 ,41.45039
0x8943 ,17.779585
0x7b60 ,20.00985
0x8765 ,37.059772
0xac60 ,15.865073
0x438 ,24.700851
0x8ba4 ,36.530243
0x2d36 ,31.946716
0x815a ,34.260075
0x8982 ,25.481249
0xa154 ,39.185806
0x5bd6 ,36.176838
0x8563 ,17.741096
0xc32d ,24.379293
0xbf38 ,28.957586
0x999b ,42.113396
0xd2ba ,46.173588
0x21a7 ,16.291945
0xa113 ,22.282143
0xe115 ,31.308624
0xb129 ,17.218239
0x4e2d ,28.519274
0x1ab9 ,29.711113
0x9385 ,44.453243
0x487a ,20.273504
0x7627 ,36.89367
0xca8c ,13.423023
0x6b15 ,23.327808
0x160d ,23.923649
0xa6e ,38.966633
0xb38c ,34.020374
0x4c44 ,16.370094
0x968f ,37.4884
0xcc4d ,23.376438
0xbd92 ,19.360285
0xf9c ,18.54455
0x1a73 ,35.44956
0xd4a1 ,15.298716
0x6b39 ,22.48247
0xce2 ,17.22424
0x16e7 ,28.311537
0x91d7 ,14.987904
0xb375 ,18.199886
0xa6fb ,20.667448
0x4386 ,23.809505
0x372e ,23.190937
0xbbfb ,26.357016
0x9f59 ,34.164265
0x81fe ,16.737137
0x41f0 ,23.474876
0xacce ,25.963161
0x265b ,39.210903
0x60a9 ,17.888628
0xc207 ,17.574373
0x2acb ,30.10175
0xc21d ,18.923792
0x8eba ,35.177097
0x4c5f ,37.415318
0x94af ,14.895295
0xb413 ,28.379845
0xb19a ,20.252346
0x9783 ,39.92574
0x8122 ,18.942627
0xbaa8 ,35.672245
0xbd25 ,28.154236
0x3c59 ,15.421612
0x88b2 ,26.002499
0x57a2 ,23.217108
0xcf50 ,27.519363
0xb4b9 ,27.268412
0xda53 ,18.748722
0x8535 ,14.203604
0xdf23 ,38.097473
0x4d18 ,17.490618
0xcd78 ,38.17603
0xd3d6 ,29.96524
0x1bc4 ,19.701744
0x9b5f ,29.810114
0xe23e ,21.633677
0x5e0d ,22.923492
0x2142 ,25.479753
0xa94a ,16.862898
0xb7e5 ,24.457296
0x1ab4 ,25.017593
0x8dfa ,22.30569
0x9937 ,19.768215
0xc2bb ,27.95324
0x2ff3 ,33.280613
0xc556 ,23.264763
0xd46f ,22.563519
0x1430 ,37.640434
0xdd35 ,14.925245
0xdbe8 ,15.576796
0xa212 ,41.70259
0x9ebe ,36.77171
0x2eae ,28.381826
0x1b08 ,31.376938
0x7d58 ,22.217827
0xb033 ,37.607597
0x2e72 ,17.56551
0x60cf ,28.41535
0xd361 ,26.897617
0xb5b9 ,22.239506
0x21ca ,27.694742
0xb7ac ,21.717457
0x2755 ,23.24671
0x4749 ,26.281765
0xc4f8 ,13.932491
0xdd63 ,21.076338
0xd6d3 ,36.439228
0xb180 ,36.891903
0x5f5f ,16.045933
0xd9e5 ,37.698826
0x9a9e ,39.004765
0x529c ,45.116302
0xaf04 ,36.686817
0x76ed ,24.235628
0x65bb ,28.330614
0x5607 ,13.120053
0x8805 ,37.928967
0xbc44 ,35.419037
0x9f90 ,13.680695
0x50f2 ,38.176853
0x3668 ,21.090378
0x3999 ,17.28986
0x7cbe ,22.89339
0xda50 ,18.749989
0x79fb ,20.174925
0xc348 ,37.413136
0x5a55 ,22.818329
0xa3fe ,35.318253
0x7f94 ,38.570652
0xc028 ,26.378635
0x8c10 ,18.16679
0x233c ,28.77447
0x3916 ,25.937677
0xc475 ,21.000246
0xb721 ,43.85067
0x28c9 ,32.72861
0x3fa8 ,23.842377
0x7588 ,24.082449
0x621b ,24.345978
0xa1d9 ,24.216434
0x35b9 ,26.377234
0x4d35 ,43.293392
0x83bf ,16.789131
0x37f6 ,38.531364
0x5262 ,17.5686
0xba22 ,35.227905
0xc844 ,35.515537
0x67b2 ,34.315956
0xd4ff ,40.976986
0xb4f7 ,15.45974
0x5b96 ,21.877214
0x34dc ,16.357225
0xa4d7 ,22.656366
0xd6b1 ,31.466772
0xd4c2 ,23.018358
0x2d50 ,37.567673
0x4d92 ,42.47392
0x15c5 ,46.85589
0xad06 ,30.18008
0xa9e2 ,25.676321
0x63f0 ,16.403866
0x4fed ,45.286133
0xda1a ,21.20805
0xda5d ,23.027494
0x9606 ,19.116837
0x6e0a ,26.319578
0x8231 ,38.392956
0x6c91 ,13.553617
0x786 ,21.195938
0x892 ,38.91515
0xa337 ,24.714972
0xd515 ,22.733767
0x3b88 ,23.105251
0x43c4 ,22.831902
0x18b5 ,25.944275
0xd35e ,24.428839
0xc440 ,29.914392
0xc3e7 ,28.534748
0xa8e2 ,19.910486
0x8acd ,28.657936
0xa8ef ,34.5823
0x57cc ,28.63355
0xaf2e ,27.636913
0x57c3 ,17.76471
0x257c ,17.621851
0x63da ,24.009459
0x7feb ,17.878227
0x550a ,13.4303
0x5062 ,17.065275
0x88e9 ,15.219929
0x9e1a ,29.374418
0x3e68 ,45.142612
0x81c3 ,16.20125
0x561e ,16.239565
0x3d54 ,16.531061
0xa487 ,26.409883
0x1bfd ,34.43867
0x6b54 ,26.491177
0xcfa ,27.39008
0xd71d ,22.13516
0xc77 ,35.925632
0xd3f6 ,28.780312
0x8bb0 ,36.487457
0xdc81 ,18.61362
0x9283 ,38.90918
0x4fd1 ,28.524935
0x6b79 ,28.391161
0x903f ,22.345274
0x1f3b ,42.609283
0x66ac ,34.681347
0x67f7 ,15.3521805
0xc0bf ,41.20287
0xaa8a ,26.439215
0x9d62 ,34.1511
0x6e36 ,22.918873
0x1e19 ,36.06514
0xa9a6 ,18.110518
0x9ac4 ,18.39553
0xe134 ,22.935183
0xfa3 ,13.660946
0xb388 ,29.127705
0x1ca0 ,33.252083
0xd6a4 ,24.286602
0x4b35 ,28.323788
0xce0 ,16.899673
0xac05 ,24.604883
0xc375 ,28.220198
0x27fa ,36.441788
0x4aa6 ,16.246933
0x3767 ,16.421427
0x9b51 ,24.952644
0xc7d4 ,47.126953
0xdb1d ,24.669357
0x6cf4 ,37.12265
0x459e ,16.499254
0xbc99 ,22.113401
0xd0ee ,17.32693
0x5aaf ,35.697403
0x374a ,38.540527
0xd96f ,34.652977
0xda69 ,28.747435
0x690d ,15.645396
0x4212 ,43.077568
0xb31c ,18.974808
0x11f1 ,37.23566
0xb6a9 ,27.889776
0x38ce ,35.7884
0x8dea ,24.932886
0x454e ,34.133778
0x260b ,24.13941
0x37dd ,29.4242
0x566a ,19.507803
0xa5f4 ,19.437653
0x2e8b ,26.676659
0x4c14 ,25.489021
0x1558 ,35.1862
0xcca8 ,16.736012
0xdbb5 ,15.272071
0xe224 ,25.637827
0x3e5c ,27.94685
0x784d ,35.13127
0x1092 ,14.343932
0x782e ,38.298832
0x815e ,31.431051
0xa496 ,17.297981
0x3e6e ,15.812108
0x7a42 ,21.079136
0x2eb3 ,43.061985
0x319e ,21.799282
0x5635 ,32.686916
0x877d ,22.955238
0x5ca3 ,30.235228
0xb568 ,22.985836
0x3948 ,36.809704
0x8913 ,34.357857
0xa8e9 ,22.561792
0xab21 ,22.272507
0xd1d ,18.39015
0x36a6 ,15.086381
0xb893 ,34.308605
0xc4ed ,16.968065
0x93bb ,15.476432
0x5851 ,16.971697
0x7386 ,38.80295
0x6aac ,44.184666
0x1c3e ,19.412096
0xe0aa ,39.238335
0x6c98 ,33.021915
0x7161 ,37.856426
0x2355 ,16.257318
0x6bed ,21.739595
0xcbf3 ,19.06999
0xdfac ,24.338614
0xd4db ,17.98533
0x4f79 ,36.734978
0xc1f7 ,22.006458
0xd20 ,41.62357
0x3cdd ,16.71693
0x7a32 ,37.382694
0x1dc7 ,23.587337
0x6679 ,47.56357
0x85ed ,18.766012
0x54de ,15.005267
0xbd30 ,36.820824
0x3103 ,11.511037
0x8d6c ,22.417213
0xdb18 ,14.336175
0x314b ,34.767693
0x78a ,34.741756
0x50b7 ,14.966392
0x8648 ,17.615423
0x31a7 ,21.707184
0x8a30 ,30.104965
0x2a96 ,19.485376
0x103a ,20.99278
0x7f73 ,17.286802
0x1142 ,34.884212
0x4842 ,22.325945
0x2072 ,24.479218
0x340a ,29.366852
0xd155 ,16.787245
0x8221 ,24.207684
0x86d4 ,49.64619
0x1ccd ,37.326466
0x9d39 ,21.794855
0xce47 ,22.617403
0x383c ,16.50003
0xded7 ,18.937622
0xafc ,17.599918
0x1e07 ,29.450829
0x58b8 ,24.05789
0xd933 ,18.14424
0xd763 ,25.60969
0x6d37 ,24.270376
0x1970 ,28.134502
0x19ac ,31.661856
0xdaea ,28.920038
0x9f6d ,22.019989
0x5a67 ,15.158262
0x1d68 ,34.863518
0xe0cc ,29.81151
0x4b9f ,20.146378
0x937a ,40.018887
0x6c8b ,30.017082
0x3f6f ,17.748886
0x33fb ,22.708267
0x3371 ,32.321655
0x55d ,31.36286
0x3c1f ,22.679632
0x607 ,18.781729
0x6c53 ,31.616148
0x2b05 ,23.067602
0x1bfe ,24.327902
0x10b0 ,18.709177
0x8b54 ,22.199339
0x82d5 ,13.445579
0x2645 ,14.3383255
0x1d01 ,22.596178
0xb867 ,19.28563
0xb985 ,36.644764
0x1f27 ,39.44807
0x3670 ,23.699286
0x1a72 ,20.375608
0x8878 ,39.500275
0x4c0 ,18.663448
0x7434 ,34.804718
0x3217 ,34.47193
0x1c14 ,30.604395
0x9dd1 ,19.204487
0xa2be ,26.37194
0x4f4 ,34.838478
0x1425 ,19.014866
0x9953 ,39.975163
0x5c67 ,18.73706
0xd331 ,29.570686
0x6836 ,29.029757
0x2094 ,40.9226
0x4391 ,35.95493
0x9b33 ,21.481775
0xdbeb ,23.872911
0x78b7 ,31.554672
0x6c8 ,16.847813
0xdaec ,21.948324
0x9e71 ,19.585838
0x1f42 ,34.837433
0x7c05 ,20.684343
0x807f ,29.591572
0x7df4 ,18.93536
0x562f ,31.96604
0xcef4 ,19.071787
0x4aee ,16.227276
0x6c7c ,24.135344
0x3f1d ,45.255394
0xa9dc ,23.05962
0xd454 ,29.316385
0xbc48 ,14.984563
0x2d48 ,17.029829
0x7bb8 ,18.974295
0x6575 ,17.210884
0xc1d9 ,20.491764
0xec6 ,20.618488
0xca12 ,30.978443
0x40ad ,16.371332
0x6187 ,18.770935
0x2ac7 ,18.695173
0x9c6f ,31.564707
0x435a ,39.89746
0xbd5f ,18.871061
0x7c18 ,28.02784
0xa1c8 ,19.634432
0x5565 ,19.784838
0x8954 ,27.744534
0x69a6 ,28.205112
0x102e ,46.128284
0xd848 ,28.280209
0x1f68 ,28.752151
0x49c0 ,36.876446
0x8f36 ,19.543722
0x1f06 ,36.367294
0x5123 ,33.11989
0x6420 ,28.67256
0xc2ec ,29.323107
0x4055 ,28.43245
0x83a5 ,14.632098
0x1f3a ,22.081566
0x14b8 ,24.978483
0x83b5 ,34.38481
0x2b91 ,29.081175
0x2507 ,28.571547
0xafb ,22.789497
0x3398 ,22.90771
0xda89 ,19.201294
0xa96 ,24.718636
0xbef8 ,27.939919
0x4c05 ,16.56528
0x5092 ,37.85889
0xa4c4 ,18.798393
0xdcf4 ,18.656307
0x1d70 ,40.242813
0x59d3 ,18.427227
0x93cb ,16.30633
0xd78e ,34.24205
0x72df ,18.903784
0x9b1e ,25.416462
0x5ca ,28.416922
0x2ca6 ,34.492077
0x92d6 ,29.062054
0x5628 ,14.728203
0x1c1c ,16.85827
0xa9d7 ,37.02687
0x1abf ,36.132214
0x9bd0 ,16.195204
0x5d69 ,21.482523
0x99d4 ,28.526537
0x1d62 ,24.37405
0xb6b6 ,30.396202
0xbb96 ,45.247307
0xa5b5 ,40.28911
0xa7b0 ,32.136765
0x5edf ,29.310913
0x19a4 ,41.84308
0x7622 ,33.89786
0xa489 ,24.052654
0xd885 ,30.217129
0xd18d ,32.933147
0x260d ,21.552088
0x13b6 ,17.194992
0x3fec ,24.01754
0x4c9 ,18.834435
0x351a ,19.219149
0x8bc2 ,26.368486
0x2352 ,22.681938
0x9dc8 ,35.008293
0x680 ,37.88171
0xb852 ,14.439787
0xa31a ,25.562992
0x2ad1 ,22.39845
0x34d8 ,22.864676
0x2f40 ,27.71047
0x7bb7 ,18.841848
0x4372 ,27.990524
0x9d90 ,37.186607
0x1d0a ,33.195576
0x9dce ,18.482471
0xc5aa ,38.21678
0x7321 ,50.284893
0x1619 ,34.710056
0x7838 ,24.60505
0x75b2 ,15.499836
0x5acb ,24.915272
0xb9ff ,18.600845
0x9e90 ,27.645487
0x391b ,21.905903
0x9c2 ,18.454319
0x53d8 ,24.531204
0x10c0 ,16.34268
0x21c6 ,16.509174
0xc39e ,26.565891
0xbbd1 ,15.8038645
0x3f79 ,27.697403
0x6a61 ,40.475193
0xdb55 ,40.054058
0x7369 ,16.609451
0x2e27 ,17.45694
0x74dd ,20.169415
0xc158 ,15.32647
0x66f9 ,16.758785
0x595 ,31.362305
0x2b29 ,21.071833
0x2a34 ,23.745056
0xab8c ,35.660084
0x80df ,17.7565
0x4c01 ,40.880943
0xade5 ,19.669127
0xd8f0 ,13.099486
0x4472 ,27.273384
0x7f45 ,15.112468
0x1aaf ,23.878313
0x19c6 ,14.931747
0xde78 ,28.735998
0x565 ,25.165907
0xcbf8 ,27.237661
0x8f26 ,26.10239
0x9792 ,28.49086
0x4ab4 ,40.34387
0x8ffc ,19.296339
0xb689 ,34.530773
0xd941 ,24.34491
0x9a1d ,22.542402
0x6015 ,16.554644
0x7568 ,24.779696
0x409e ,47.361145
0x7518 ,16.029705
0x7e7e ,34.36662
0x2b7c ,12.702154
0x7051 ,23.32087
0xc837 ,31.219381
0x89d2 ,20.559868
0x1b13 ,24.678305
0x2f2d ,16.735435
0xd31f ,33.033234
0x1adf ,22.131073
0xc093 ,19.199732
0x85f8 ,32.42229
0x2bf6 ,23.797377
0x4b6b ,18.80672
0xc724 ,47.98469
0x54ac ,23.493034
0x2748 ,36.533794
0x59fe ,36.044376
0x55cc ,14.625192
0x10a9 ,21.235012
0x691e ,16.397266
0xb047 ,35.645454
0xc31f ,28.870676
0x7af4 ,40.16699
0x700a ,17.74241
0xff5 ,36.845245
0x339c ,19.417963
0x1336 ,18.246838
0x2b37 ,14.711417
0x2d59 ,26.31504
0x21b1 ,24.45782
0x88fa ,43.627876
0x346a ,23.947786
0x8c14 ,19.542606
0x194c ,28.593302
0xbd42 ,18.524506
0x1124 ,29.362494
0x7b25 ,17.161257
0xc977 ,25.53698
0xd447 ,29.681673
0x13af ,32.181664
0xa3ea ,21.337217
0x9a49 ,39.759342
0xa4f ,29.214907
0x95aa ,14.448026
0xd060 ,20.563076
0xc7e4 ,38.446476
0x17e3 ,23.6157
0xe19a ,16.745132
0x79aa ,29.415672
0x752e ,18.145893
0xad17 ,26.737497
0x33d2 ,14.682615
0x8a08 ,36.583233
0x1f09 ,38.79102
0xa8c9 ,25.197447
0xde6b ,21.72025
0x8d81 ,22.749287
0xc82f ,21.405418
0x1332 ,21.030308
0x3461 ,17.34766
0xca21 ,19.300812
0xe0f6 ,21.335808
0x63fb ,23.770622
0x7fe9 ,18.732164
0x6587 ,16.435078
0xac70 ,18.202246
0xc1ee ,28.127218
0x7549 ,13.232016
0x3c43 ,24.317226
0x65a8 ,17.906088
0xb12c ,24.927364
0x2e1b ,21.088947
0x7fc9 ,40.33143
0xa28d ,18.098644
0xcb83 ,24.223915
0xd753 ,22.61885
0x7bd5 ,34.058937
0x8b4d ,23.514975
0x986c ,10.791369
0x2e6b ,43.14101
0x49af ,34.777294
0x63d1 ,19.620798
0x860f ,39.48796
0x801d ,40.983704
0x8d93 ,33.112034
0x86cc ,40.71179
0xc46e ,18.993462
0x2127 ,20.328096
0x505e ,18.12383
0x2747 ,33.53758
0x582 ,28.01636
0xc414 ,24.203606
0x3bd9 ,33.484142
0xb390 ,36.851826
0xb85b ,37.15743
0xa628 ,22.070986
0x1733 ,52.806267
0xc331 ,30.084713
0x714 ,32.707794
0x65f0 ,17.007929
0x9699 ,37.40625
0x53be ,21.60797
0x3c29 ,19.425833
0x7a3d ,41.711143
0xcd7c ,28.390032
0x9c58 ,22.502424
0xccd9 ,20.749647
0x7e19 ,32.205578
0xaec0 ,31.222075
0x703a ,13.432024
0xaa35 ,30.392706
0x712c ,25.706741
0x2ae1 ,19.262655
0x10ef ,34.208767
0x4c61 ,33.318703
0xb127 ,23.325186
0x2177 ,17.694962
0x3685 ,31.497625
0xa36c ,15.979618
0xd193 ,37.29646
0x596 ,27.33757
0x789b ,25.297783
0x5f45 ,24.031586
0x970f ,22.84382
0x3f66 ,17.973997
0xa8ba ,43.82943
0x9e68 ,22.816256
0x3fc5 ,17.789022
0x3c8b ,39.35231
0x37a3 ,31.653011
0x542e ,29.906939
0xe09d ,25.384539
0x6d93 ,26.308395
0x6f16 ,29.506659
0xb468 ,36.302685
0x6bae ,13.572829
0xc586 ,24.899227
0xd9a3 ,29.478777
0x7970 ,40.7899
0xb1d6 ,32.06336
0x6144 ,29.419697
0x6027 ,15.327159
0x7e8b ,19.432007
0x8c7f ,23.960949
0xcfc ,32.734356
0xe1f4 ,23.20695
0x45e1 ,13.6606865
0x4aa7 ,37.374138
0xb114 ,22.320053
0x547e ,26.762072
0x934b ,16.561228
0x45b9 ,31.024586
0x365b ,28.861315
0x631 ,29.53234
0xd095 ,27.29326
0x768 ,39.236317
0x2178 ,23.802872
0xf6d ,22.8293
0xde0c ,14.05267
0x771e ,30.123732
0x1196 ,21.907097
0x268e ,26.388132
0x97a8 ,47.721905
0x81c2 ,21.480124
0x835e ,17.23812
0x6c1a ,30.882826
0xe20 ,18.146442
0xc868 ,41.507076
0x9787 ,36.796787
0x7772 ,26.681046
0xfff ,41.81478
0x56df ,29.994162
0x25cb ,17.925354
0x831c ,25.183813
0x5d5e ,37.73664
0x7aae ,27.725248
0x3944 ,21.98569
0x9652 ,21.658903
0xba71 ,35.04737
0xf78 ,23.796087
0x67d4 ,25.314844
0x77ff ,29.902912
0x2514 ,31.221695
0x1b4d ,16.20566
0xf3b ,35.407314
0x282c ,45.99121
0x8223 ,23.340748
0x7b5a ,22.775055
0xdf35 ,22.45086
0x28d4 ,22.97862
0x3285 ,20.240704
0xac58 ,29.210918
0x30d4 ,15.090887
0x74e2 ,32.135807
0xb4cc ,26.14566
0x829b ,25.73518
0x8238 ,13.5677
0xb3fe ,25.865728
0x6fab ,12.309807
0x70ac ,22.508804
0xbe7b ,35.423965
0x16cc ,24.120842
0x51b1 ,13.015451
0xa9d3 ,36.288887
0xa08f ,20.434118
0x8854 ,22.581944
0xaa05 ,43.737408
0x5f50 ,15.573116
0x5a50 ,21.469421
0xe0a2 ,34.10568
0x2f09 ,28.671568
0xbcd7 ,23.267641
0x5718 ,24.09861
0x90eb ,14.767157
0xd004 ,28.028767
0xbf6f ,37.89734
0x6e47 ,29.050468
0xa149 ,27.276445
0x5bcc ,21.51774
0x8fae ,21.93567
0x1296 ,38.35871
0xaf26 ,36.806107
0xc654 ,31.457497
0xd013 ,17.251566
0x13a8 ,21.756073
0xbe8d ,19.784966
0x2b43 ,18.130754
0x5972 ,15.399225
0xa7d8 ,26.167316
0x805 ,34.267616
0x85a3 ,28.947264
0xc341 ,46.010975
0x3ce1 ,14.74575
0x5ed0 ,21.16057
0x2080 ,45.98479
0x7fb6 ,19.180422
0x59f9 ,40.29311
0xa506 ,17.245937
0x531f ,16.926432
0xbdeb ,18.9247
0x1491 ,29.46924
0x6009 ,33.981133
0xbfc2 ,28.440742
0x3758 ,18.982876
0xaccb ,37.046127
0x8025 ,19.016218
0x52f5 ,37.188297
0xa92b ,21.204943
0x8bcd ,18.356934
0x38d8 ,27.148035
0xc1e6 ,22.570929
0xac2f ,21.588491
0x5a38 ,15.716875
0x7288 ,24.15051
0x7ae8 ,25.87165
0x18c9 ,19.952835
0x2f79 ,19.263008
0xa00f ,25.696995
0x4711 ,18.975166
0xdaf9 ,23.157011
0x3421 ,21.974655
0xbbe0 ,41.82593
0x9b87 ,15.301183
0x42d7 ,26.745941
0x2312 ,34.851414
0x5654 ,21.507502
0xb9b2 ,20.636053
0xc07a ,40.435215
0xa531 ,21.595676
0x1c4f ,15.513616
0x438d ,22.84805
0x2786 ,17.696821
0x9cb ,24.35351
0x201c ,17.36408
0xa7d7 ,24.144379
0x7a06 ,32.599003
0x6a27 ,32.28252
0x2011 ,31.621616
0x1cac ,18.746626
0x8208 ,24.07768
0xa52f ,20.008276
0x2759 ,18.492746
0xcbe7 ,32.934395
0x5d30 ,39.622143
0x6c7e ,23.744396
0xcee9 ,24.703775
0x1d2c ,19.244867
0x525b ,24.107431
0x5c38 ,24.12037
0x91e3 ,24.38147
0x33d5 ,27.587385
0xb02f ,25.09768
0x4fa ,21.448202
0x9d14 ,24.159084
0x1e63 ,18.035198
0x19e3 ,17.942883
0x8057 ,19.687178
0xaab ,22.058935
0x658a ,39.480743
0x1ee8 ,38.92859
0x4157 ,24.24582
0x43cc ,19.57973
0x9e76 ,22.930882
0x5aeb ,26.604801
0xbf61 ,23.691557
0xd434 ,34.52837
0xbdf9 ,15.384808
0x142a ,26.106503
0x1471 ,17.124735
0x9549 ,38.97397
0x4aea ,23.78445
0x903e ,22.990715
0x8338 ,29.465652
0x7a8b ,17.77044
0x711d ,15.032143
0x6442 ,22.807076
0x9bdb ,25.816324
0x2f25 ,16.928001
0x2750 ,21.682966
0x4f81 ,24.766518
0x791b ,23.459854
0x8541 ,17.228247
0x8e84 ,23.356853
0xcc77 ,20.58036
0x3935 ,24.797487
0xa302 ,22.454565
0x8402 ,22.132078
0xa372 ,22.980915
0x8a89 ,37.591904
0xda6 ,22.684183
0x9170 ,13.828282
0xa0cd ,33.049805
0x90f ,24.869186
0xa567 ,22.243977
0xe23d ,28.101824
0xae74 ,15.149388
0x1eb4 ,39.404404
0xa407 ,37.24545
0xc47b ,26.712158
0x80e1 ,24.013048
0xdf84 ,15.726638
0x3502 ,15.74334
0xd762 ,33.979256
0x8613 ,27.776972
0x6689 ,18.184273
0xb57a ,19.071098
0x444b ,24.494213
0xc24b ,21.816982
0x63e9 ,27.862036
0xa6c8 ,17.237167
0x44cc ,28.56582
0xe06d ,17.050117
0x87f ,35.5586
0x8052 ,23.3389
0xab08 ,16.951345
0x4bc7 ,17.549543
0x397d ,17.20743
0xb671 ,37.248524
0x3c47 ,21.973621
0x42d2 ,23.040213
0x27f8 ,24.771893
0x404a ,34.10014
0x706a ,32.758717
0x84d8 ,37.081135
0x641f ,15.231969
0xa595 ,22.644476
0xa544 ,22.34961
0xc43d ,15.505846
0xb18e ,41.086437
0xe094 ,22.565493
0x9665 ,22.859962
0x80de ,14.890618
0xadf3 ,14.48362
0xb63b ,26.413486
0x4977 ,24.811422
0x8d4d ,22.930292
0x5724 ,17.06446
0xad03 ,23.530834
0x414f ,25.083942
0xb158 ,47.146263
0xba98 ,35.81644
0xaf94 ,25.41944
0x6ef6 ,21.889002
0xa8c8 ,35.396954
0x80af ,14.99588
0x7d6c ,15.602148
0x19ed ,43.678204
0xa782 ,18.097555
0xb850 ,21.357042
0x6581 ,26.29688
0x346f ,15.440575
0x4a33 ,22.201075
0x4d53 ,37.274315
0x95a9 ,16.958902
0x89fd ,41.24149
0x4a8b ,24.193167
0xcc6a ,34.206676
0x3e4a ,17.321495
0x5390 ,19.335457
0xa1e ,29.543108
0x80c3 ,29.231201
0x7810 ,34.142056
0x9e3e ,18.680862
0x26f2 ,41.477016
0x7bc6 ,20.4072
0xa005 ,18.324024
0x32cf ,42.792107
0x72b7 ,37.0085
0xbad2 ,15.406968
0x5f84 ,15.472446
0x530d ,30.160824
0x498 ,21.995823
0x845f ,14.207911
0xc62f ,35.435978
0x1af0 ,19.39641
0x5a71 ,32.684208
0xd0b8 ,24.285044
0x9e3a ,17.342077
0x1463 ,24.924541
0x7735 ,18.503826
0x7559 ,33.762276
0xa3de ,30.13365
0x79f1 ,25.89445
0xf8c ,29.399866
0xb7f5 ,16.284136
0x9d3d ,24.3896
0x1efd ,48.50083
0x2fb0 ,40.15857
0x61c8 ,29.653591
0x961d ,14.943358
0x3731 ,25.632524
0x8051 ,34.681633
0x4324 ,45.360966
0xb5f1 ,28.526676
0x83ee ,22.496363
0x16c4 ,24.78489
0xda46 ,34.30743
0xa96b ,17.329638
0xcb4d ,43.885345
0x4a15 ,21.786278
0x2b0c ,37.32881
0x2a9c ,26.41607
0x60f6 ,40.77736
0xf2d ,40.20749
0x410 ,25.640238
0xac59 ,35.05271
0x3bc7 ,35.02056
0xd5ea ,40.373093
0x4a69 ,22.457605
0x9ecb ,48.355423
0xdefa ,24.706524
0x93c1 ,23.410488
0x57e6 ,24.133583
0x8f64 ,19.069365
0x7223 ,41.806118
0xdb67 ,10.993935
0x8fca ,34.431988
0x49ba ,16.154528
0x2cc9 ,34.38507
0x3fbe ,37.12315
0x565d ,20.513191
0x6ff5 ,34.87945
0xae7 ,23.063425
0x4c0a ,38.935493
0x5368 ,17.438297
0xb3f3 ,22.828009
0xa259 ,22.166937
0x606e ,26.801172
0xd6f1 ,17.909582
0x44ca ,40.141438
0x5db5 ,25.951807
0x4b26 ,23.491169
0x7094 ,22.615412
0x7540 ,38.5359
0x7723 ,22.972374
0x3aca ,23.720377
0x34af ,25.687168
0x61e0 ,21.136305
0x7a43 ,26.074282
0x9d71 ,41.679035
0x449b ,18.769104
0x4af ,23.626072
0x555b ,30.371807
0x122d ,19.472301
0x1cfa ,25.398386
0xe9e ,28.64189
0xb803 ,31.043268
0xe142 ,24.741003
0x263e ,34.617752
0x1563 ,33.871452
0xbeba ,23.731146
0xc189 ,21.486923
0xa37b ,21.660536
0x585b ,22.986763
0x4252 ,28.038364
0xe154 ,23.714886
0x403c ,35.51303
0x5492 ,35.492386
0xa724 ,18.872871
0x89e7 ,26.647497
0x608f ,36.812195
0x4257 ,27.56991
0x2f51 ,21.242197
0xda26 ,27.273928
0x6f5e ,29.131996
0x4ebb ,15.399686
0x48c0 ,22.833595
0x6f4 ,15.711193
0x45e7 ,27.886175
0x28de ,37.880924
0xfe9 ,28.11965
0x4127 ,26.97262
0x36ea ,21.439753
0x4f50 ,27.27009
0x7a8f ,18.954334
0xdc80 ,36.840824
0x4f00 ,28.971415
0x62fe ,45.375603
0xbf80 ,26.709475
0x602e ,46.31087
0x271b ,34.713367
0xc604 ,42.018364
0xd265 ,29.318398
0x126b ,24.17756
0x8811 ,17.10343
0xac0c ,13.014583
0xe223 ,22.157019
0x4596 ,29.484829
0x26ad ,14.64501
0x522a ,22.547352
0xc17 ,17.75018
0x345f ,17.56154
0x3eca ,48.053894
0x3ace ,28.051712
0x30e6 ,29.697895
0x1143 ,14.955918
0x3135 ,32.938293
0xcc2a ,24.92445
0xca7c ,17.283728
0x7952 ,22.118776
0xded2 ,17.204153
0x3939 ,22.87879
0x6b18 ,24.500364
0x87aa ,16.358751
0x53a5 ,16.659744
0xcfca ,39.322346
0x4014 ,26.35689
0x97d6 ,28.313236
0x65c2 ,24.301762
0x37d6 ,32.48801
0x8650 ,40.508625
0x1628 ,28.236183
0x10b7 ,16.832394
0xb9f ,23.853785
0xc7f7 ,24.152649
0xb5a6 ,45.58166
0x37a7 ,18.949173
0xcd6b ,22.210966
0x274d ,15.483756
0x8e7b ,19.64978
0x33b1 ,24.551252
0xa68b ,25.429167
0x874 ,27.4233
0x91f9 ,25.786263
0xacea ,28.422863
0xb275 ,28.02401
0xbef7 ,27.753916
0x84c ,34.970604
0x7d95 ,36.497738
0x38a2 ,18.437666
0xc09a ,27.813805
0x884 ,18.435738
0xaf64 ,23.062824
0xd1db ,22.739676
0x426 ,25.097523
0x4cc1 ,26.270012
0x49b7 ,31.679811
0x78bd ,19.805113
0x4fa2 ,23.083033
0xa22f ,27.982296
0x7faa ,39.329834
0x4c41 ,25.756514
0x331b ,21.616041
0x90b5 ,32.83339
0x38e1 ,49.536488
0x2419 ,17.040726
0xc5d3 ,28.396938
0x4da6 ,17.823673
0x9011 ,22.034262
0xbf2d ,27.222775
0x387d ,29.435427
0xb331 ,20.065212
0x1607 ,20.633663
0xa231 ,16.834467
0x1d95 ,13.6812725
0x7be7 ,16.315214
0xbe48 ,27.414085
0xa24e ,21.840286
0x21c0 ,15.688606
0xc3b6 ,26.648424
0xc33e ,35.501507
0x6c65 ,22.990622
0xab12 ,29.361877
0xd8e5 ,40.772858
0xa6bb ,21.76619
0xcbf1 ,28.884691
0x58f0 ,18.918137
0x73f9 ,33.23467
0xd778 ,36.881107
0xd21d ,25.865881
0x38de ,21.603355
0x846 ,40.30437
0xbbf7 ,36.98197
0xde97 ,21.758575
0x3b2c ,27.744423
0x7d9b ,15.486663
0x251d ,40.117466
0x7d3f ,23.349161
0xd673 ,37.990314
0xe201 ,28.743355
0xae9d ,28.924732
0x8115 ,19.213438
0x8722 ,38.29279
0x64a8 ,24.028816
0x387b ,23.280363
0x6419 ,20.472832
0x4819 ,30.053802
0x6395 ,25.900072
0x4975 ,23.228954
0x619a ,23.513882
0x3ee8 ,44.46063
0x853d ,14.881822
0x98cc ,18.969423
0x2f1e ,22.954012
0xa06e ,27.205067
0x8e2d ,19.697178
0xd94 ,37.621143
0x10ae ,22.851692
0x5144 ,49.439945
0xc454 ,16.369242
0x1f5d ,42.04943
0x8666 ,42.146416
0xaf37 ,33.835453
0x141c ,22.878166
0xd59e ,16.73316
0x1751 ,37.126377
0xde4f ,43.540104
0xa26c ,42.080406
0x9ce3 ,23.411945
0xa1fe ,17.096186
0xea2 ,22.223228
0x5b26 ,38.66168
0xdbb8 ,16.48436
0x18b4 ,26.334242
0x569 ,24.592915
0x4bd7 ,16.32456
0x6b66 ,15.329972
0xc02c ,26.685726
0x294c ,22.365814
0x4e2f ,18.28355
0xd7e1 ,41.877056
0xf43 ,34.711967
0x4bef ,30.392471
0x6571 ,37.72308
0x42d5 ,14.799286
0x4830 ,31.61073
0x542d ,19.350803
0xda5a ,28.459984
0xba1f ,18.738676
0xb21c ,16.42954
0xcdb8 ,16.093914
0x2efd ,15.80971
0x8f1c ,21.758543
0xae6d ,22.696535
0x11a7 ,12.616923
0x37d2 ,22.76407
0xda24 ,18.322115
0x75c ,38.61916
0x4afa ,23.632256
0xca3 ,15.49646
0x6235 ,16.924982
0xb469 ,37.25558
0xc880 ,21.661022
0x70a4 ,37.56597
0x38c1 ,22.117626
0x3ef6 ,26.03462
0x77da ,34.37262
0xbf1b ,23.514048
0x5852 ,37.381073
0xedf ,21.548576
0x58b0 ,36.68874
0x8fe2 ,13.55054
0x602f ,40.929947
0xd750 ,43.572765
0x2829 ,38.638805
0xe1a7 ,12.722568
0x81b4 ,14.59416
0x694b ,35.691788
0x8dec ,34.17712
0x9efa ,34.77904
0xabab ,31.466639
0xd8bf ,17.950287
0xca64 ,32.191902
0x6d77 ,33.138924
0x618c ,39.279934
0x5266 ,24.35429
0x2718 ,29.274105
0xc248 ,22.467924
0x4d59 ,34.43137
0x8774 ,34.957535
0x4962 ,25.053398
0x2215 ,40.37851
0x834b ,15.388822
0x8242 ,13.090278
0x4a10 ,38.17015
0x3bed ,19.360786
0x5973 ,22.117788
0x3ac4 ,23.946978
0x8eeb ,24.377497
0x42a6 ,36.984524
0x3b54 ,29.057234
0x1ee9 ,20.167091
0xb423 ,22.00762
0x3d08 ,13.216914
0xc0ae ,41.455387
0x3810 ,18.740732
0x7797 ,40.01892
0x4d55 ,17.638695
0x2fd7 ,15.755324
0xc2da ,22.824282
0xafbf ,44.200306
0x2f85 ,18.73867
0xeae ,28.974874
0x46f0 ,23.943193
0xa0e5 ,32.700527
0x31c8 ,24.901855
0x6414 ,21.873398
0x62f6 ,19.233818
0x1e81 ,28.921965
0x4f45 ,43.5124
0x971e ,22.71752
0x3070 ,19.696468
0x297d ,16.056135
0x37d1 ,30.02648
0xa2ba ,22.081646
0xbf64 ,35.780663
0x6bfa ,16.917362
0xcbdb ,21.966146
0x4241 ,26.173357
0x71c4 ,50.093903
0xa21f ,31.139313
0x530e ,24.829712
0x4267 ,24.116684
0x98b7 ,29.374619
0xa427 ,22.166769
0x9312 ,22.588503
0x2827 ,41.19509
0xafb2 ,23.161617
0x9db7 ,37.496357
0x2aec ,22.148937
0x9aa9 ,45.741886
0x6385 ,34.940506
0x211a ,15.130389
0x6214 ,17.6236
0x369d ,38.98264
0x28a3 ,29.962015
0x7ea4 ,16.610209
0xd87 ,35.297142
0x8567 ,36.85356
0x5559 ,33.876728
0x964f ,21.851555
0x2261 ,29.786428
0xb172 ,11.781155
0x2da9 ,26.171726
0xc8a6 ,37.59606
0x7ef8 ,22.03052
0xac65 ,28.894304
0x4ff9 ,18.564531
0x46d8 ,21.224733
0xb187 ,28.474123
0xdf46 ,24.96962
0x3ec ,26.96364
0xcde2 ,14.429764
0x6209 ,23.361391
0xbde3 ,24.286062
0x47f1 ,23.434217
0x5006 ,25.535772
0xbc7f ,31.411684
0x7509 ,18.053213
0x8fda ,31.138077
0x1e38 ,33.007145
0xb853 ,18.755657
0x1b41 ,40.345768
0x2212 ,29.843397
0x43cb ,16.681818
0x36d7 ,26.853647
0x9ff3 ,23.950089
0x11e9 ,24.681541
0xa8b5 ,17.43784
0x6a4e ,25.246466
0x32fb ,27.219032
0x49bc ,40.183422
0xd2cd ,36.873936
0xa568 ,20.222239
0x2ef8 ,20.336166
0x74e9 ,30.076841
0x6662 ,16.829294
0x69f4 ,34.62246
0x18d8 ,22.016075
0x367a ,31.687231
0xe54 ,19.692848
0xd7a6 ,21.571451
0x92da ,17.768675
0x4d77 ,13.509168
0x6f27 ,34.280003
0xcb66 ,29.23433
0x2791 ,38.2217
0x99c3 ,18.627117
0x69a5 ,18.213778
0x4544 ,23.921661
0x3c85 ,41.80095
0x503a ,18.496479
0x7510 ,25.755245
0x672d ,17.423233
0x18fb ,19.016169
0xd335 ,20.333784
0x1359 ,17.593895
0x8dcc ,13.985514
0x5c25 ,23.13428
0x1225 ,36.23193
0xd0f6 ,40.49328
0x3ead ,30.84902
0xa629 ,22.663485
0x1706 ,39.49538
0x9b04 ,18.33476
0x4c37 ,23.849598
0x6b2b ,22.12975
0x900c ,29.180132
0x128f ,22.080875
0x855a ,29.088161
0x46f3 ,25.737835
0xc73a ,24.082314
0x398e ,21.337149
0x1340 ,23.245718
0xaf4b ,33.975227
0x9638 ,22.648165
0x99c6 ,37.4328
0x3cfe ,37.079876
0xbc66 ,18.65793
0xdbdf ,23.631525
0x4a94 ,36.82799
0x693d ,23.927923
0x9200 ,24.41049
0xcde6 ,15.453696
0xde56 ,21.471127
0x17c6 ,36.854046
0x829e ,30.425873
0x279d ,40.770714
0x9da4 ,22.356775
0x3a62 ,15.460045
0x74a0 ,29.395985
0xcc9d ,22.95498
0xc19f ,36.858643
0x8ea8 ,13.607038
0xbb8a ,36.54716
0xd4de ,18.623081
0x1dcf ,26.87125
0x7020 ,26.089748
0x157f ,17.51264
0x26c5 ,32.96599
0x44f7 ,28.513504
0x2f3c ,17.324015
0x7607 ,12.849744
0x4ce4 ,20.951567
0xcb06 ,37.02997
0x165c ,20.183556
0x9904 ,23.892933
0xc07d ,22.700293
0xe00c ,24.770592
0x8d6e ,15.863775
0x8211 ,16.044651
0x2d8c ,35.090313
0x8d46 ,29.741644
0xbd8a ,40.2089
0xbecd ,41.578484
0xa45d ,13.390718
0x956e ,28.800177
0x2954 ,22.032804
0x5503 ,19.620472
0xd2d2 ,21.523901
0x9002 ,29.447964
0xaec1 ,13.359115
0xd9e6 ,18.261946
0xa5f1 ,24.554167
0x89b7 ,22.106928
0xd64c ,33.853504
0x822d ,25.911646
0xc02d ,20.875849
0x4864 ,17.867014
0xab76 ,14.832736
0x9b11 ,27.141941
0x59dc ,25.423555
0x7a59 ,29.48276
0x4653 ,16.949352
0x2097 ,27.276625
0x5588 ,43.164547
0x493a ,28.20794
0xddd1 ,40.644073
0x1e6c ,25.335125
0x29e0 ,24.256958
0xc520 ,46.350224
0x77ec ,40.672894
0x2d3f ,22.780304
0x52ac ,42.45036
0x43e5 ,36.664917
0x87e ,26.179813
0xa03 ,23.373953
0xd1f ,33.098495
0xa9fc ,40.176235
0x82cd ,21.251747
0x1ada ,18.43289
0x260c ,38.453278
0xcaa7 ,39.654068
0xa57d ,50.052532
0x7b58 ,31.561823
0xbfd4 ,21.6269
0xd8cd ,22.459675
0xc250 ,28.427288
0xc8e0 ,18.037386
0x357c ,24.52036
0x798a ,15.531022
0x4931 ,15.708865
0xc321 ,14.599085
0x6f84 ,26.920431
0xb9bf ,34.501163
0xd3ae ,17.476084
0x2bb9 ,22.452578
0x7d7b ,22.04303
0xd278 ,18.803682
0x9e4d ,23.06111
0x281b ,23.766254
0x17e2 ,21.065464
0x955b ,26.494404
0x333a ,26.922466
0x22bc ,29.775084
0x928b ,21.37938
0xe0a0 ,33.213043
0x1d3c ,43.38322
0x87ed ,25.28185
0x74de ,21.283339
0xd5a7 ,21.553188
0x9d7a ,27.484764
0x7404 ,16.277845
0xac15 ,17.480951
0xd089 ,44.68883
0x5dfb ,39.3222
0xb7bb ,35.472454
0xdb79 ,35.909145
0x62d0 ,22.69429
0x5f9d ,34.603153
0x6a6a ,18.02165
0x49e ,22.945189
0xaab3 ,34.482788
0x15ee ,15.472597
0xc19 ,26.457819
0xac7f ,40.23072
0xc1c3 ,31.820793
0x8c51 ,45.55406
0xc7ef ,19.887531
0x8ec9 ,20.69218
0x2d6c ,23.918783
0x77a2 ,43.75634
0xdf7c ,26.4657
0x8a42 ,18.99072
0xaf3f ,39.75229
0x5e4 ,24.354212
0x9353 ,15.418061
0xb69a ,21.507206
0x61b0 ,46.0999
0xb07a ,29.546398
0x6da ,16.482765
0xcaf3 ,29.803139
0xc126 ,24.731535
0x67c9 ,35.846798
0x53a8 ,10.16563
0x14fe ,19.722319
0x46aa ,18.189379
0x13c1 ,37.543705
0x680f ,35.454548
0x4408 ,17.414795
0xc2ea ,26.890207
0xb61f ,22.715897
0x30bd ,41.393574
0x168c ,17.902056
0xc510 ,34.832165
0xaa88 ,21.457
0x638b ,27.317646
0xddd0 ,36.578403
0xd9b9 ,16.581415
0x497e ,15.307198
0x9efc ,34.32143
0xca81 ,17.308533
0xa2d5 ,31.395765
0x1495 ,23.1211
0x8121 ,34.770683
0x8ee5 ,22.181168
0xae2a ,40.320507
0x55b8 ,43.245335
0xca76 ,37.2649
0x99de ,18.63658
0x69d9 ,21.79026
0x283a ,35.06695
0x70af ,16.898508
0x3827 ,26.396467
0x62e2 ,51.00165
0x47d1 ,28.967382
0x2bd5 ,45.876637
0x87b2 ,17.066422
0xba07 ,15.016507
0x6d54 ,15.262132
0x5557 ,36.186825
0x27ca ,23.290941
0x4ca3 ,26.759752
0xa3d6 ,22.380514
0xa7c0 ,13.862799
0xa104 ,29.239056
0xcac1 ,21.688389
0x2b08 ,33.973015
0x534 ,22.110754
0x4b83 ,22.081553
0xc4fc ,43.070282
0x94c8 ,35.343884
0xb848 ,38.890717
0x83f2 ,34.188114
0xd2b3 ,19.119984
0x344b ,31.132948
0x7f46 ,23.19969
0x74c0 ,35.138798
0x72a4 ,21.968283
0x1b6c ,39.75856
0x90d ,31.741707
0x92b8 ,25.0244
0x851c ,16.839315
0x6902 ,24.346674
0x93fa ,21.835594
0x3823 ,27.693722
0x3df1 ,29.090397
0xcf11 ,17.13469
0x876a ,39.839714
0x9234 ,21.588457
0x2cc2 ,24.963343
0xb1b2 ,38.592224
0x9df0 ,38.47907
0x4f67 ,21.760208
0x2939 ,17.028456
0xdbcd ,24.119698
0x99a3 ,21.152882
0xbd4a ,29.413294
0x3012 ,26.700365
0xe58 ,37.971992
0x4bf6 ,35.52647
0x910a ,29.52888
0x85b8 ,13.394256
0xd9c0 ,25.323847
0x4c09 ,28.932371
0x7d86 ,14.497821
0x4d72 ,28.863207
0x4fbc ,16.140549
0x99f6 ,26.571098
0x357a ,30.96699
0xd6e8 ,36.661545
0x6bc1 ,21.366043
0x2204 ,28.61091
0xca7e ,25.87717
0x407a ,17.090193
0x9cfa ,40.21328
0x60a6 ,25.110601
0x4298 ,20.06355
0xcf2d ,26.578886
0xc942 ,47.19861
0x8181 ,24.34617
0x3e93 ,18.26198
0x1a6b ,44.868484
0x2e49 ,15.975532
0xe01e ,24.279314
0x1b11 ,24.216501
0x73d6 ,24.282866
0xb725 ,36.98098
0xdcc6 ,37.273983
0xb6ac ,21.70444
0x5bed ,22.3519
0xd3c1 ,28.697348
0x289e ,26.345348
0x86fb ,23.301046
0x8e00 ,22.341286
0xa08b ,43.387127
0x7507 ,15.926526
0x2a5d ,17.867615
0xb7e9 ,15.024797
0xb0b3 ,34.42407
0x95f7 ,30.347908
0x2042 ,44.139534
0xb722 ,32.86749
0x5f0a ,15.57459
0x6c1d ,17.953989
0xa1f3 ,20.27068
0x177b ,16.574142
0x78dd ,21.509575
0xac55 ,16.785887
0xc5e0 ,41.70149
0x7cc3 ,17.479036
0xafd0 ,23.707972
0x8998 ,17.8753
0x6528 ,13.944015
0xbc93 ,17.721813
0x620a ,21.169773
0x2ed5 ,35.050613
0x5ba ,16.419147
0x894a ,22.638466
0x4c75 ,18.012878
0x4d49 ,24.997768
0x889a ,23.392118
0x256a ,15.694739
0xaddc ,35.544193
0xb81e ,42.95146
0x77a8 ,20.507782
0xd5f5 ,18.126238
0xdba9 ,32.7195
0x4668 ,39.948456
0x3d2a ,23.838234
0xc31e ,23.342684
0x6da3 ,33.043385
0x68f8 ,36.777134
0xd44b ,24.015192
0x795d ,34.115433
0x400d ,19.497742
0x2ed2 ,22.948908
0xe00b ,26.223156
0x1aa3 ,22.27909
0xc3bc ,17.463257
0x3336 ,23.384827
0xe0ca ,29.01299
0xa91a ,31.7075
0x50f4 ,21.450132
0x1a80 ,18.91903
0xd74a ,32.892063
0x1159 ,37.70287
0xdd8d ,25.13827
0x52bb ,37.251884
0x1e4c ,21.537035
0x26f4 ,16.727724
0x332f ,23.103779
0x8970 ,26.222158
0x26b9 ,30.163961
0x6a26 ,20.814617
0x5f44 ,18.900093
0x876e ,27.510006
0xcf1c ,21.550543
0x7bb6 ,13.736369
0xd31c ,24.732782
0x52f1 ,20.982117
0xbdd7 ,33.802193
0xad71 ,21.540234
0x65ce ,38.81731
0x8b36 ,23.603188
0xcdd6 ,18.75869
0x5c51 ,29.957062
0x77e0 ,35.035347
0x9356 ,33.350224
0x5e50 ,20.536491
0x77de ,16.603731
0xd472 ,27.014122
0x976c ,36.803593
0xcbd0 ,24.90777
0x90f2 ,21.906265
0x6f49 ,33.63317
0x777f ,33.328766
0x81e0 ,23.028383
0x58d7 ,21.907059
0x393f ,15.844252
0x147b ,25.231237
0xd9b6 ,23.075584
0x9f45 ,44.58611
0xc8b2 ,23.770977
0x9fc6 ,24.260065
0x8f9f ,39.901497
0x311a ,18.687193
0x4efb ,30.405247
0x7fb8 ,23.759079
0xa0c ,38.64566
0xb73b ,19.289274
0xd9ef ,18.963892
0x7ddc ,17.394297
0x6c14 ,30.443462
0x4575 ,26.514317
0x73f5 ,22.545322
0xafbe ,21.376802
0xda49 ,35.57278
0x42d8 ,23.174131
0xb22d ,24.04148
0x6e12 ,17.668165
0x7168 ,24.09078
0x7da6 ,25.308342
0xc12c ,32.78209
0x353c ,24.256496
0x6dc ,18.133715
0x4160 ,26.803389
0xf87 ,21.757225
0x608c ,20.100866
0x2538 ,23.45835
0xa904 ,22.114426
0x8560 ,17.051243
0x6d83 ,23.93025
0xddef ,29.893776
0x4659 ,19.99645
0x1299 ,22.306078
0xad3a ,28.355022
0x6500 ,16.140928
0xdb8a ,33.435444
0x4901 ,22.175703
0x1ba0 ,23.205414
0x4f28 ,40.528454
0xa6d1 ,17.429789
0x7b2c ,28.326252
0x4d2a ,13.697762
0x6ab1 ,48.29295
0x13b0 ,25.855886
0x78d5 ,19.270922
0x263a ,20.764782
0x89b3 ,28.316227
0x7400 ,24.23012
0x9219 ,29.701593
0xb9a7 ,34.2511
0x7ba0 ,17.404894
0x826e ,40.85535
0x7b5f ,21.685944
0x736f ,44.45676
0x7505 ,17.474432
0x6c83 ,19.295252
0x62f5 ,29.035055
0x918d ,27.827034
0xcc33 ,23.639856
0x83bb ,20.569881
0xd749 ,19.143423
0x249f ,31.365652
0xce0c ,41.919212
0x7eaf ,15.048524
0x36e0 ,22.54261
0x42e5 ,29.416073
0x3d85 ,15.715374
0x93f0 ,36.95765
0x5ae7 ,35.087517
0xcfec ,37.700233
0x69c0 ,33.861645
0x5d08 ,29.783346
0x46d6 ,34.376255
0x511d ,24.170214
0x549 ,35.107735
0x3c96 ,17.975306
0x5810 ,43.247433
0x9c84 ,45.397984
0x54b2 ,33.518856
0x97e1 ,22.488195
0x2bfe ,23.92482
0x6cb7 ,29.845291
0xb54 ,27.15455
0x1ff6 ,19.798824
0x4177 ,34.859062
0x73de ,25.878487
0x3a9e ,25.947868
0xb0d5 ,16.07402
0x6ca6 ,34.711086
0xcbe5 ,20.07241
0x1899 ,19.901873
0x4f25 ,17.055449
0x5b5d ,19.041494
0x17ca ,29.126156
0x1a53 ,20.240475
0x64df ,22.576244
0x4d44 ,16.935652
0x80e2 ,34.74556
0x1de3 ,25.643034
0xb50a ,21.324734
0x345b ,27.600838
0x6790 ,16.967472
0x66e ,21.662926
0x82ae ,28.915697
0xcf30 ,16.735975
0xbec9 ,41.09659
0x36ba ,39.747276
0xb465 ,17.913445
0x82ab ,25.67155
0xdf6e ,15.0346985
0xb0d6 ,23.142956
0xd1e9 ,40.43675
0x4eac ,18.860134
0xb4e9 ,25.201174
0xd773 ,47.025967
0x3c67 ,22.376673
0x7946 ,31.499537
0x24cf ,34.39905
0x20d1 ,26.631403
0x504d ,20.139795
0xb23c ,15.6153345
0x907f ,28.333744
0xc87b ,25.315409
0x2436 ,29.593018
0x410a ,15.591001
0x26d7 ,12.558622
0x6d12 ,12.793719
0x70e3 ,24.608694
0x7ee2 ,25.787636
0xa9ac ,27.730812
0x3139 ,24.57529
0x4d74 ,15.99708
0xe12d ,16.22396
0x764 ,26.508778
0xcdc2 ,18.596346
0x4594 ,39.24052
0xb3c3 ,33.91378
0x1337 ,21.411505
0x4b98 ,13.989136
0x7130 ,35.34206
0xcbef ,23.198303
0x4866 ,28.768059
0x2093 ,38.57513
0x20ab ,24.26107
0x7e75 ,22.850094
0x8b85 ,44.81628
0x4fb2 ,24.862457
0x2526 ,30.588152
0xcff6 ,24.409292
0xd29a ,15.759441
0x274e ,28.559515
0x6573 ,17.22421
0xe113 ,21.026207
0xcc2 ,36.545906
0xa959 ,28.174854
0x7fa3 ,36.738445
0xda96 ,20.233788
0xdf2f ,47.10522
0x4cd4 ,21.03908
0xb438 ,22.423979
0xdc61 ,35.335064
0xbc14 ,37.180386
0x66db ,38.15636
0x5b51 ,27.814993
0x7428 ,16.633085
0x8faa ,26.596632
0x8261 ,15.957531
0xbe34 ,40.268036
0x9337 ,33.956585
0xb064 ,29.811003
0x8109 ,46.03675
0x3e3f ,21.949524
0x7959 ,26.251833
0x6663 ,18.97782
0xa279 ,15.734659
0x114a ,18.660728
0x89c8 ,33.771717
0xae68 ,26.469042
0x6ac5 ,39.970634
0x7786 ,19.225477
0x232e ,20.751352
0x6e80 ,29.798334
0x5845 ,14.520257
0xa093 ,15.310826
0xc670 ,28.739855
0xaccd ,47.50814
0x751c ,17.929504
0xe14e ,40.050953
0xdedb ,23.244587
0xaf7c ,17.926065
0x720f ,24.211561
0xf12 ,23.053213
0x7cdd ,28.563137
0x72e9 ,40.14614
0x8e8f ,23.147554
0x7f03 ,17.56725
0x8898 ,40.328167
0xbe72 ,17.132202
0xdb92 ,45.848545
0x4733 ,15.143558
0x5158 ,46.52282
0xa1c6 ,16.031532
0xf17 ,16.40294
0x9d98 ,21.181143
0xa466 ,27.22698
0x900b ,23.263254
0x9061 ,27.514011
0xc9f5 ,21.527872
0x8bcb ,33.781597
0x888b ,21.191454
0xbf07 ,24.766464
0xb9e7 ,47.96259
0xc3df ,34.424454
0x860b ,17.603745
0x7d45 ,15.290505
0x6b92 ,29.705389
0xcc56 ,37.92761
0x68e5 ,22.209764
0x98eb ,39.17109
0x59eb ,30.03294
0x23ea ,22.052168
0xa620 ,48.447968
0x2f18 ,37.155685
0x2084 ,24.745361
0x7c14 ,26.60267
0x638 ,28.329887
0xdbff ,26.759226
0x1b5e ,31.921774
0xc11d ,22.294613
0xbf74 ,16.974424
0x7e39 ,22.246634
0x658f ,35.01112
0x394f ,26.389538
0xe064 ,23.125526
0x2b77 ,17.28324
0xd4e9 ,13.103784
0x9eae ,38.250175
0x665d ,41.607697
0x6dc0 ,21.984491
0x72bf ,23.900139
0x71d ,20.775135
0x981f ,18.236534
0xaeed ,41.898273
0x7eba ,26.083532
0x625a ,48.132027
0xdad3 ,32.825592
0x3beb ,19.599428
0x8823 ,16.514862
0x3a31 ,16.038336
0x6aeb ,24.146763
0xe91 ,29.199118
0xe1d4 ,28.652521
0xce34 ,38.91083
0xa11d ,23.779312
0xbcdd ,28.975576
0xa356 ,35.147926
0x8baf ,17.249813
0x1a24 ,25.647388
0x951b ,25.996597
0x8857 ,31.581009
0x6774 ,22.496845
0xd028 ,31.773548
0xa38f ,23.250874
0x6a20 ,19.279957
0xd50 ,28.130405
0x25da ,26.146906
0x9f8f ,42.159054
0x50b5 ,22.996931
0x13e7 ,24.936163
0xb77f ,28.460085
0xa9db ,34.454296
0x2bd2 ,25.56431
0x27d7 ,12.591064
0x5d39 ,17.800362
0xcad5 ,34.425232
0x2a37 ,38.025066
0xdde1 ,16.826769
0x47db ,19.524534
0xd95f ,29.247509
0xcb33 ,31.468092
0xb957 ,46.645824
0x8c37 ,17.956173
0xc74f ,23.898438
0xda63 ,35.9191
0x7b8b ,23.185926
0x9793 ,29.458946
0x9f82 ,40.48006
0x873 ,26.534916
0xb9dd ,26.052782
0xc6f6 ,29.313745
0xc8fc ,20.121214
0x6d51 ,24.54724
0x4e53 ,24.578312
0xe069 ,16.87594
0x2733 ,21.924425
0x1b3f ,24.963308
0x1501 ,28.955383
0xdb48 ,26.447
0xdf11 ,31.522942
0xa4fe ,26.229195
0x76c7 ,37.068188
0x2f31 ,23.09159
0xf4b ,19.71525
0x3d01 ,35.03932
0xb3fc ,41.220104
0x5b53 ,16.366175
0x6423 ,40.7929
0x797c ,21.077063
0x9971 ,22.941835
0xa80c ,20.938902
0x919e ,34.747623
0x4bb6 ,21.603493
0x2a36 ,40.356968
0x85c2 ,26.55796
0x8268 ,40.009796
0xc3f ,37.58515
0x7edd ,29.541964
0x9f96 ,30.397448
0xdfd7 ,22.356972
0x6cb2 ,34.683987
0x4b4b ,36.85621
0x6a4a ,36.70802
0x2d58 ,22.912226
0x5e99 ,45.83767
0x57f7 ,15.5079565
0xd329 ,40.806267
0x8cff ,29.206303
0xcbaa ,21.54374
0x8f7e ,22.639889
0xbea6 ,36.931545
0x14e2 ,21.929829
0x1cbd ,28.42777
0x1281 ,22.609467
0x5155 ,14.676129
0x4f4f ,24.337135
0x4cad ,45.806763
0xae55 ,37.17713
0x11bd ,23.588509
0xba85 ,41.503975
0x12be ,15.782292
0x3966 ,29.95034
0x4ce6 ,22.873512
0xe062 ,14.214904
0xd7ab ,27.51565
0x107c ,24.419003
0xa315 ,26.49992
0x44e9 ,22.443586
0xab56 ,17.192547
0x728e ,21.425299
0x66ca ,22.79703
0xcffc ,22.983118
0xb7b7 ,22.879873
0x96db ,22.641571
0x9c08 ,37.09715
0x4dbe ,13.301399
0x6e65 ,42.777416
0xf33 ,36.60229
0xe243 ,41.23741
0xb740 ,36.76883
0x6710 ,22.908516
0xabf ,28.604664
0x29f0 ,28.90605
0xd104 ,22.854986
0x4814 ,34.59995
0x1570 ,13.7009115
0xb45e ,37.001446
0x1095 ,19.465149
0x2133 ,46.06707
0x6cd8 ,27.740961
0x82d9 ,34.841633
0x5451 ,27.641005
0x19a7 ,17.34162
0x284a ,33.016468
0x31e3 ,46.875935
0x522 ,24.20812
0xa262 ,27.388033
0x115c ,23.93625
0xce41 ,17.070345
0x59ac ,35.33005
0x757 ,25.805376
0x3537 ,17.660374
0x186d ,40.92776
0xd730 ,33.14485
0x3c99 ,34.19459
0xc16e ,36.809677
0xa440 ,22.191072
0x8467 ,18.819235
0xb73f ,23.012802
0xc019 ,29.326847
0x8d8f ,7.791373
0xdd98 ,26.248968
0x4b6e ,11.3502245
0x7f53 ,18.223871
0x18fa ,15.160376
0x96f8 ,24.228407
0xa747 ,37.219543
0x9743 ,19.070473
0x8f77 ,18.716372
0xd67b ,28.744673
0xa230 ,17.431995
0x5b34 ,25.450457
0x6543 ,24.265448
0x935a ,30.45085
0xba55 ,15.363813
0x1989 ,40.92715
0xbc2d ,22.457779
0x7307 ,32.342228
0xb7e7 ,34.093155
0xddce ,15.118558
0x8596 ,21.628204
0xa71a ,30.398716
0x4805 ,25.524334
0x395d ,29.466845
0x61e6 ,36.924393
0x52a8 ,21.04633
0xcc15 ,15.401843
0xa89d ,22.766544
0xe3c ,22.977541
0xbc7b ,15.497003
0xb704 ,34.51602
0x2f92 ,29.701632
0xbece ,22.784155
0x6891 ,18.598799
0x6e91 ,45.674095
0x7683 ,23.51533
0x79d0 ,34.807022
0x63ec ,42.0757
0x5c95 ,29.133718
0xac26 ,18.046757
0xa91d ,24.799492
0x44f ,34.127525
0x66f2 ,25.6471
0xc429 ,34.709827
0x1625 ,36.855835
0xbac5 ,29.597044
0x22f6 ,23.819538
0xe0ae ,16.094753
0x5734 ,17.761786
0x2d88 ,30.443945
0x39a5 ,21.63075
0xbf18 ,27.337105
0xb8e5 ,37.303215
0x3ed3 ,29.280375
0xd207 ,19.12346
0xc7fd ,32.953117
0x50bf ,21.684414
0x4f15 ,17.76785
0xa4c8 ,19.844236
0x754c ,35.203476
0x691c ,22.069384
0xf90 ,35.126747
0xb604 ,23.31151
0xd84f ,28.556751
0xc0ee ,21.832224
0xd5f0 ,17.862314
0xc17a ,34.521072
0x92f3 ,15.881244
0xaee9 ,23.39979
0x9775 ,40.294476
0x90c2 ,27.129835
0x7818 ,25.499262
0x1483 ,37.688744
0xdf59 ,21.283945
0xa0e ,18.322208
0xcf79 ,14.168315
0x63b1 ,43.840446
0x373d ,38.113556
0xba9 ,22.92276
0x3b40 ,28.551018
0x7e74 ,32.35318
0x7854 ,18.588825
0x3fe4 ,33.48405
0x87e8 ,44.39376
0x9a50 ,21.693802
0xbbff ,15.328919
0x1d84 ,40.099163
0x7768 ,39.429
0x158f ,30.738178
0x8cea ,17.166609
0x28cc ,21.163374
0xa57c ,26.30962
0x1f7f ,19.458153
0x70ad ,22.956757
0x342a ,27.968454
0xabbf ,36.967033
0x16ad ,28.458284
0xc72e ,23.894917
0xf22 ,17.794107
0x46d5 ,22.362345
0xab04 ,20.019478
0x9ec5 ,12.838593
0xb167 ,12.9183035
0xda1e ,35.004
0xc3f4 ,22.510872
0x17f6 ,25.514135
0x8a2e ,28.896984
0xd4e1 ,29.730322
0x27b7 ,40.241497
0x1083 ,26.823774
0xbf02 ,24.614113
0x3648 ,21.501791
0xa1da ,20.93233
0x2cd5 ,16.275269
0x5c5b ,24.176332
0x2634 ,16.101946
0xdb71 ,34.335564
0x36fb ,40.647068
0x45be ,26.475979
0x343c ,29.237303
0x1201 ,26.034216
0xe5f ,28.209581
0xc88a ,24.067524
0x51a2 ,24.977633
0x35dc ,15.298135
0x3a73 ,26.273586
0x9a25 ,23.03409
0x7d51 ,28.481403
0x6e53 ,15.780574
0xa399 ,37.658844
0x228d ,36.66018
0x9e6a ,18.904417
0x3483 ,38.347366
0x1f03 ,32.4852
0x11f5 ,24.610903
0x1c67 ,23.830374
0x669c ,37.304558
0x65ba ,26.260063
0xa632 ,16.666773
0x44b7 ,50.552425
0xdec ,21.80675
0x963f ,14.599394
0xa3b9 ,21.668879
0xdca ,26.621218
0x4d84 ,42.876278
0x975e ,16.884169
0x99d1 ,17.765045
0x46cc ,26.164616
0x2b15 ,22.487864
0x6d48 ,23.9752
0x2b71 ,17.779829
0xcd47 ,43.46934
0x3691 ,27.604517
0x891e ,27.712732
0x7d0 ,45.422142
0x6f68 ,16.572632
0x9576 ,28.35056
0x2a06 ,23.176968
0xcb11 ,40.49255
0x966 ,40.15248
0x6010 ,37.380424
0x713f ,19.04254
0x5c8a ,33.741688
0x38a9 ,21.020535
0x2dd7 ,26.50921
0x8e8c ,31.882753
0x24d2 ,22.690407
0x1a01 ,25.882498
0xc751 ,14.559901
0x4312 ,18.96303
0xd1c1 ,26.358622
0x2941 ,28.818085
0x2d9a ,41.422062
0xa4b4 ,13.724947
0x4119 ,18.351055
0x74e3 ,27.819944
0x7a5e ,23.506493
0xd790 ,31.953543
0x5131 ,21.84383
0x5dc8 ,34.981968
0x1fd0 ,21.333565
0x65e5 ,36.12391
0xd5b9 ,30.292091
0x49a5 ,21.719978
0x981c ,15.476902
0xa380 ,16.188152
0x5d10 ,16.42039
0xaa64 ,35.213776
0x87e7 ,46.13468
0x88e3 ,16.779833
0x6e2d ,14.085352
0x2d74 ,47.4256
0xda6e ,29.005766
0x6f60 ,42.49893
0x255d ,24.095102
0x3072 ,26.634432
0x197a ,35.030174
0x826b ,26.202276
0x1234 ,15.120022
0xa4d0 ,22.751715
0x61b5 ,22.158125
0x971b ,24.74515
0x8f90 ,28.692764
0xc74c ,17.931868
0x18d7 ,28.66355
0x98f0 ,36.340908
0xdb52 ,35.542046
0xb06 ,16.455738
0x3927 ,12.54424
0x826a ,22.377089
0x2ed9 ,39.65549
0x4e95 ,22.57815
0x1a93 ,30.315376
0x6fd4 ,16.105986
0x7ffb ,19.71253
0x49ac ,19.299751
0x6f58 ,28.97069
0xb308 ,36.779137
0x7e52 ,22.185051
0xcf19 ,37.91564
0x8cb9 ,21.041716
0x359c ,37.493362
0x3fce ,23.207031
0x7be1 ,20.08937
0x56c4 ,22.027763
0xda93 ,29.28384
0xc350 ,16.946196
0xe1d2 ,30.141481
0x63d8 ,17.109974
0xf72 ,22.523449
0xa521 ,21.23834
0xc2a1 ,13.161139
0x8afc ,27.584646
0xdd3d ,40.056557
0x2e2c ,18.101574
0xc9a4 ,17.147535
0x6bfd ,21.82766
0x24bc ,28.548018
0x65ad ,23.424356
0xa9fb ,35.840176
0xd2cb ,17.35663
0x5a4 ,24.079596
0x371e ,24.007717
0x512c ,24.336796
0xa33c ,27.520004
0xd523 ,27.397676
0x650f ,15.172223
0x2055 ,15.772016
0xd68 ,21.351505
0x67a8 ,23.298737
0x284d ,15.894236
0x655b ,17.477514
0xba8e ,23.909716
0xc24e ,14.47486
0x3374 ,26.787329
0xb82b ,15.246343
0xd28a ,37.735687
0xd5b7 ,22.020477
0x4e2b ,28.519669
0x749f ,17.530716
0xb777 ,50.40767
0x764d ,38.52029
0xaeae ,18.599657
0x8849 ,46.094692
0x6fff ,44.1529
0x352a ,39.91889
0x2709 ,20.52018
0x4064 ,27.884
0xd53a ,22.92122
0xd770 ,22.594437
0xc859 ,15.18337
0x8f5a ,36.560326
0xc8e2 ,29.328833
0x18bd ,43.8468
0xd148 ,42.256035
0x1b2a ,26.504343
0x7274 ,27.20172
0x9d55 ,28.967768
0xdce8 ,34.666294
0x56db ,24.754545
0xc839 ,19.5052
0x1cc6 ,39.68361
0x17b6 ,19.011152
0xd6c3 ,35.89434
0xaa39 ,28.301426
0x3d96 ,15.526916
0x74a ,32.296062
0x9de0 ,25.02841
0x39fa ,24.02385
0x94f5 ,22.500902
0x72f2 ,26.180758
0x359f ,23.030184
0x4684 ,22.085688
0x3548 ,25.350845
0x7f41 ,39.720642
0xb41f ,26.918375
0x5be9 ,47.24843
0x4881 ,14.84636
0xd656 ,14.705599
0xbaec ,44.227093
0x3a9d ,36.77961
0x4739 ,17.044075
0xd8ba ,23.56467
0xdb8c ,11.520175
0xbae7 ,30.432999
0x4692 ,31.768492
0x9a54 ,16.432259
0x70b6 ,30.167694
0x8dc5 ,23.231302
0xdebd ,19.492474
0x1229 ,20.759718
0x97fe ,28.39163
0x2749 ,46.737534
0x9c1b ,42.140358
0x5683 ,38.19442
0x73a1 ,32.874226
0x770 ,25.57246
0x2121 ,19.219576
0xdc87 ,37.203236
0xfbe ,52.48883
0xdf1 ,27.512432
0x4df8 ,20.330795
0xb93b ,16.976738
0xaa03 ,33.910076
0x7aaf ,25.25998
0x537 ,22.486702
0x83b2 ,44.89029
0x932b ,30.619143
0x71f9 ,20.872227
0x3960 ,35.81594
0xb632 ,27.561192
0xac80 ,22.178076
0x688f ,30.486023
0x1e09 ,39.529007
0x949f ,26.317362
0xdbfb ,20.21344
0x8980 ,23.314701
0x572d ,26.33902
0x5ae9 ,39.200005
0x95db ,38.22546
0x1be8 ,17.020844
0x2d18 ,35.407475
0x4766 ,21.260212
0xd98e ,23.453497
0x964a ,15.813607
0xa1c5 ,28.213146
0x5d90 ,23.886116
0xc90c ,22.315712
0x36d0 ,39.634235
0xa74c ,12.958628
0xa0a2 ,37.095135
0x3cf3 ,22.845179
0x8e4 ,36.4472
0x837d ,36.892826
0x9b3e ,24.519476
0x29d5 ,23.055222
0x452b ,28.83287
0x9c66 ,22.343855
0xa988 ,17.556286
0xdb25 ,17.126383
0x23ec ,22.488506
0x195b ,27.012892
0x73d ,23.163496
0x64b3 ,21.631304
0x8a0b ,23.641417
0xad07 ,18.685474
0xc730 ,41.07016
0x4db5 ,24.13453
0xfc3 ,43.104866
0x377b ,38.38179
0xcd7b ,27.436367
0x7ead ,23.453352
0x2caa ,31.538225
0xd0cc ,33.24616
0x6f37 ,13.302782
0xcc42 ,26.360497
0xc628 ,42.172718
0xa6c9 ,27.420292
0x7ff9 ,45.64186
0xbb0d ,23.686964
0x9c89 ,23.717016
0xcf85 ,25.458939
0x4129 ,26.963926
0x60b7 ,21.272135
0x2b24 ,13.834899
0x89b4 ,16.675632
0xd985 ,8.896352
0x3179 ,27.603207
0xa9fa ,40.152145
0x3268 ,21.650066
0xdcae ,31.682175
0xb536 ,16.005049
0x8702 ,25.338373
0x1702 ,39.018143
0x6996 ,12.687503
0x1457 ,15.900435
0x15c1 ,24.000515
0xaaa6 ,26.522514
0x712b ,22.662323
0x7e3f ,14.5865965
0x20eb ,38.48223
0x2a60 ,35.781796
0xdd7f ,46.03483
0x9cda ,37.929173
0x4ece ,29.383257
0xad9e ,22.987385
0x8680 ,29.281496
0xd84c ,24.614738
0x593f ,27.827318
0xdd90 ,36.744305
0xdfd5 ,21.51532
0xb583 ,22.445412
0x3980 ,29.83292
0xdc5c ,13.506989
0x98b1 ,25.63706
0x3ddb ,37.84621
0xe174 ,34.841747
0x1b06 ,35.531242
0xb311 ,19.31637
0x1843 ,22.477678
0x7d9c ,24.905489
0xcb41 ,36.30816
0x907b ,22.29813
0xcfd9 ,45.883595
0x8a59 ,35.363472
0x140a ,40.63596
0x6e43 ,27.531553
0x62dc ,18.621624
0xa97c ,37.89622
0xe11d ,29.992899
0xdf1b ,21.291798
0xfb0 ,40.633507
0x5b83 ,33.83076
0x950a ,37.49032
0xbeb0 ,14.903913
0x3dff ,39.613564
0x738d ,21.718895
0x5b58 ,19.685863
0xa9e9 ,16.977253
0xb760 ,37.13168
0xd3a1 ,21.698671
0x5fb7 ,17.972202
0x9662 ,17.214012
0x89d9 ,37.503
0x9d49 ,21.503712
0x733a ,39.317627
0x2c2f ,25.917906
0x2d80 ,16.531208
0x52a1 ,19.8245
0xcfa1 ,47.256664
0xb11a ,36.6085
0xd9a4 ,21.266596
0xdba8 ,17.332191
0x70df ,47.266006
0x7d3d ,14.729091
0x51ac ,35.45766
0x8067 ,44.696846
0xc1e3 ,22.789484
0x6bf1 ,21.704298
0x4aa0 ,17.181961
0xbf3b ,24.998032
0x6ff6 ,23.28484
0x16f7 ,21.83212
0xa265 ,34.842598
0x6293 ,44.084106
0xa295 ,22.328625
0x6601 ,29.908995
0x4e22 ,13.93655
0x2ceb ,34.726658
0x59d2 ,27.269896
0xce00 ,24.372396
0x69dd ,19.833513
0x1197 ,30.218735
0x6bd ,16.019917
0x7098 ,29.167862
0x999c ,21.283886
0x8390 ,30.000788
0x4e1f ,23.843084
0x5d23 ,24.256983
0xe261 ,16.231451
0x8f50 ,25.018927
0x9670 ,23.33662
0x84a4 ,23.170794
0xe1a2 ,40.078953
0x1cde ,37.124573
0x3bad ,28.558815
0x6478 ,15.577121
0x91b4 ,25.57166
0x8932 ,26.050728
0x697 ,22.915854
0x2a08 ,17.215157
0xb30 ,23.114956
0x9604 ,33.061832
0x28e4 ,17.799612
0x9aa3 ,47.99587
0x2108 ,26.347176
0x9fb8 ,20.743042
0x5ad8 ,18.397438
0xb700 ,17.607357
0xbfe6 ,16.123594
0x5cc9 ,19.60556
0x2b4d ,23.33016
0xbf77 ,34.66891
0xbf4a ,33.639656
0x9fe ,34.068317
0x70d8 ,27.499346
0x9801 ,23.160818
0x7415 ,23.439285
0x1cdc ,15.842668
0x3770 ,29.299816
0xc3ae ,18.882607
0x6331 ,25.982037
0x979f ,27.634138
0xb4cf ,18.877281
0x490f ,13.499258
0x8391 ,15.570178
0xcfb9 ,41.497375
0x42f8 ,19.059175
0xddd4 ,25.808779
0x8858 ,17.623014
0xdc2f ,29.705088
0xb931 ,38.896027
0x95d1 ,20.76372
0xada8 ,15.247577
0xd9fe ,16.145016
0x854d ,17.016817
0x60f3 ,27.192785
0x8965 ,42.66696
0x12bf ,35.582134
0x60f2 ,22.998552
0x90bc ,16.738056
0x9607 ,39.87812
0x8ee7 ,27.623808
0xccd4 ,26.072245
0x39b6 ,17.987051
0x43a1 ,13.985286
0x6758 ,21.648457
0x4fd ,25.41874
0x8bdf ,40.581387
0x24fa ,22.446918
0x8f43 ,17.531683
0x4a2 ,29.950872
0x2009 ,38.115368
0xdd6e ,22.92855
0xbb8 ,21.413805
0x4517 ,17.544865
0x2e22 ,24.552149
0x4992 ,13.659054
0x43f5 ,36.64067
0xaa56 ,35.800243
0xd0a ,43.085724
0xc5b9 ,29.00457
0x4ca6 ,24.262756
0x65e6 ,17.663946
0x813f ,28.448225
0x8590 ,46.226997
0x93bf ,29.906506
0xa038 ,23.612288
0x2574 ,13.344489
0xcea3 ,19.82618
0x3a4c ,36.64793
0xb9ed ,19.956718
0x64b5 ,21.70203
0x965a ,17.513407
0x639 ,42.21824
0xaa1 ,20.944265
0x8c27 ,22.696077
0x9689 ,15.511975
0x645d ,41.424934
0x30cd ,16.36065
0xa10 ,24.161165
0x83c4 ,22.878456
0x47e3 ,30.085268
0xa4bd ,39.82288
0x9b4b ,18.124548
0x8faf ,35.9818
0xd716 ,16.132898
0xc464 ,15.167016
0xdc68 ,20.70186
0x6047 ,21.71159
0x182b ,15.746977
0x48b8 ,17.69208
0xa4d9 ,20.60163
0x481e ,16.740091
0x3d15 ,17.71934
0x82b1 ,21.600145
0x3571 ,19.895231
0x91e0 ,15.05581
0x77d4 ,24.370876
0xd890 ,23.97656
0xa663 ,45.726536
0x5bd4 ,47.48031
0x7129 ,31.997578
0x83e0 ,20.074303
0xaaf4 ,17.586992
0x78a4 ,24.092808
0x3b78 ,27.221018
0xd598 ,16.540607
0xdb6b ,22.776806
0xba15 ,33.201656
0x5642 ,34.09817
0x6bca ,29.469555
0x5373 ,24.268007
0x30d3 ,19.926619
0xd81d ,23.64919
0x1586 ,17.70855
0xb8b8 ,21.3031
0xd894 ,20.8023
0x738 ,35.098236
0xe20b ,14.435804
0x7b41 ,28.446918
0x3c53 ,21.766909
0x1155 ,28.0712
0xa71f ,19.585493
0x3487 ,29.070328
0x9c6b ,23.857256
0xca69 ,34.478634
0x1a33 ,34.828896
0x8fac ,25.80874
0x18cc ,26.547102
0xce26 ,17.828262
0x7ae2 ,17.12582
0x2150 ,19.739506
0x9f3a ,29.880419
0xa27 ,25.350664
0x2423 ,17.39595
0xcd39 ,25.945442
0xbe0f ,15.684022
0xb22a ,42.89851
0x8e73 ,30.837383
0xa0a7 ,34.345352
0x2498 ,13.15519
0x1a65 ,21.567554
0x10ca ,20.272308
0xdb40 ,16.000444
0x429a ,28.206696
0x3bf6 ,45.735176
0x30ab ,21.154314
0xde2a ,46.161716
0x1fcf ,21.098871
0x5f18 ,21.246595
0x6bd1 ,28.983164
0xc96b ,13.449404
0x793 ,15.343424
0x5541 ,23.608002
0x1942 ,33.25591
0x41a7 ,19.036753
0x65d1 ,24.076418
0x4923 ,49.012123
0x492a ,22.396643
0x3f59 ,26.287659
0x9542 ,30.113546
0xbb6d ,26.144295
0x818b ,34.401474
0x3986 ,32.06249
0x74b9 ,29.935392
0x7270 ,36.63374
0x7866 ,15.730923
0x3f02 ,33.415134
0x3b3c ,33.718853
0xb072 ,17.69595
0x9115 ,22.614738
0xa1ea ,29.390558
0xbd57 ,14.089428
0x3fe7 ,22.887535
0xc894 ,24.309677
0x45ce ,30.384579
0x4cf5 ,17.79265
0x75be ,21.606813
0xaf0e ,36.909557
0x3b71 ,22.60628
0x59d6 ,27.280495
0x7744 ,23.694702
0x25bb ,22.993725
0xdb4b ,29.257214
0x7f2d ,17.17359
0x6c0e ,34.70154
0xd0de ,22.989458
0x4d69 ,36.915024
0x3b00 ,22.012451
0x6cb9 ,30.683771
0x5ac5 ,29.198517
0xc766 ,26.671125
0xc973 ,23.252262
0x9835 ,24.331068
0x2aa0 ,13.964397
0x5b09 ,18.479431
0xdfb5 ,22.842764
0x4c62 ,17.968204
0x1e59 ,21.14205
0x439f ,36.147003
0xb06e ,29.607359
0xbb13 ,31.535307
0x8b0d ,32.6253
0x8065 ,14.403116
0x18e1 ,39.349075
0x407b ,29.70721
0xe11 ,22.97058
0xc8ec ,45.278294
0xdc01 ,18.36632
0x65df ,21.465326
0x5bd ,19.364918
0x6998 ,21.81255
0x9184 ,18.907425
0x9b28 ,13.527112
0xcdbb ,27.73106
0x78c7 ,25.43804
0x68bd ,23.124945
0x79ec ,24.255692
0x673e ,35.379253
0xd3d2 ,19.28994
0x9d44 ,21.664341
0xe083 ,36.330574
0xdb3d ,36.895885
0x8cc1 ,17.612137
0xc508 ,22.088474
0x40db ,22.454126
0x16b2 ,26.050545
0x5d42 ,21.688046
0x4719 ,18.880724
0xc58e ,22.429722
0x24ef ,21.110302
0x8906 ,19.586796
0x7312 ,23.451971
0x7602 ,37.66857
0x7a1c ,26.070147
0x3e77 ,34.98927
0x787 ,47.056778
0x6eb ,19.747936
0xd51c ,36.992474
0xa323 ,37.197342
0x6d64 ,39.322544
0x75e7 ,13.317405
0x26e9 ,21.89096
0x846a ,25.866734
0x65f2 ,22.475641
0x8c9c ,28.426369
0x6358 ,23.882616
0x6416 ,22.436522
0xc23e ,24.959599
0x5e20 ,18.544338
0x52c8 ,32.19881
0x81d8 ,23.699656
0x3fa6 ,40.646908
0x6818 ,23.722965
0x7d26 ,21.116543
0x7d90 ,14.060004
0x7c88 ,22.851482
0x6131 ,27.026302
0xb7c6 ,13.387641
0x1525 ,14.00663
0x9346 ,23.338465
0x69c8 ,31.792578
0x647d ,22.769579
0xd635 ,23.198929
0x5dcb ,26.635073
0x1fc5 ,20.937897
0xd72a ,19.222534
0xafc1 ,22.20492
0x7271 ,18.157324
0xa1fc ,33.120132
0x4b49 ,39.861183
0xd192 ,21.187683
0x40ce ,22.781538
0x376e ,30.366976
0xacf7 ,23.679096
0x4da0 ,26.019787
0x36ee ,37.214912
0x147c ,25.014471
0x87af ,17.113508
0x939a ,24.969578
0x82c0 ,41.00718
0xd89f ,22.808632
0x3116 ,17.001955
0xc2e8 ,29.59894
0x2995 ,39.536385
0x26e8 ,39.1193
0x32cc ,28.283081
0x2c2c ,13.605465
0x2c0f ,17.620205
0x60ac ,45.857086
0x5491 ,16.386215
0xccd8 ,26.948965
0x77b3 ,16.880259
0x92fb ,13.689448
0x4128 ,24.192984
0xc358 ,19.419682
0xf3a ,16.049097
0x59fa ,21.041248
0xb625 ,15.453565
0x850a ,26.037048
0x231d ,22.372274
0x7b8a ,27.231422
0x3aed ,19.704008
0x1f31 ,32.601738
0xcd88 ,16.305658
0x269e ,25.677446
0xd277 ,26.14045
0x38fa ,39.573807
0x7d8e ,25.227602
0x53e5 ,15.514158
0xd6a5 ,21.95315
0x3f7f ,29.698418
0x57bd ,20.617785
0x55d4 ,40.966164
0x3270 ,16.124811
0xab70 ,40.36475
0x748f ,30.570564
0xb61e ,21.864893
0x720d ,27.792637
0xab01 ,24.65252
0x17a7 ,24.891592
0x1d0b ,24.442274
0xad45 ,19.003645
0x2d49 ,22.667418
0xcdbe ,35.43288
0x525a ,50.96244
0x657 ,13.08694
0x8c0d ,21.148125
0x1975 ,22.747631
0x355e ,16.426739
0x573e ,47.873158
0x567 ,26.464407
0x19a3 ,16.850712
0xaee2 ,33.15754
0x68ee ,28.10014
0x573f ,13.445514
0x6c8f ,23.714792
0x1d3b ,18.120434
0x6dd1 ,44.94966
0x4dca ,23.276724
0xa5ef ,21.131317
0x4ca7 ,18.813755
0xe050 ,39.893047
0x7c59 ,26.106836
0xcd6 ,26.840641
0x3cc6 ,16.442202
0x38bc ,16.173204
0x367d ,15.340334
0xb649 ,13.8204365
0xbafc ,22.889648
0xc333 ,26.317524
0xcbba ,14.988592
0xc5ec ,29.092428
0x849 ,26.77642
0xaf23 ,15.238059
0x8b02 ,23.27513
0x697e ,40.5136
0x6ae4 ,16.318672
0x5117 ,21.511417
0x462a ,23.552265
0x6126 ,43.971264
0xac98 ,16.769169
0x4fa4 ,23.496433
0x296e ,31.636217
0xa1ef ,20.97285
0x83df ,20.345003
0xe03b ,23.58317
0xa8c2 ,24.787607
0x985f ,21.461227
0x8e96 ,13.063425
0x146e ,24.599201
0x88ae ,22.662254
0x3606 ,17.795254
0x9e0a ,29.296745
0x6e3d ,28.503626
0x796 ,23.428375
0x308d ,19.679972
0x8887 ,19.981573
0x1c97 ,28.841675
0xc79e ,13.2998
0x7cbb ,21.785738
0x1303 ,14.043819
0x4649 ,31.61936
0x86b2 ,21.8753
0x783c ,29.858034
0x8ddd ,25.630457
0xce64 ,18.549414
0xa282 ,18.544008
0xc63f ,29.242002
0x400f ,31.997154
0x3368 ,32.384987
0x9c3e ,17.712406
0x85ff ,17.471655
0x1de5 ,20.807707
0x93a0 ,19.362438
0xc3d ,35.119553
0x3b76 ,40.57154
0xa8a ,27.042746
0xc2bd ,24.13503
0x92bf ,22.214842
0x4074 ,16.743193
0x220c ,19.28961
0xdc0f ,24.682178
0x2b2e ,29.708435
0x7f5d ,23.780174
0x503 ,29.10236
0x7a46 ,40.19051
0x1bbc ,20.182575
0x6d00 ,24.25435
0xf98 ,13.809775
0x58ee ,18.496283
0x5f32 ,22.411009
0xa4ea ,21.571629
0x6c51 ,49.424103
0xbfae ,18.336864
0x71d3 ,29.851192
0xd134 ,33.492226
0x37c2 ,39.44644
0x7244 ,17.279884
0xb61c ,22.908268
0x42f9 ,31.96057
0xc87f ,14.332569
0x69c1 ,21.502394
0x4887 ,28.193962
0x23b9 ,17.765112
0x7019 ,34.21224
0xa601 ,13.679151
0x107b ,25.90609
0xc954 ,25.163902
0xaecd ,29.542719
0x8a93 ,20.981947
0x2e65 ,28.797594
0xbf3 ,18.581701
0xe09a ,34.01146
0xdd47 ,47.777878
0x184e ,26.62367
0xaa38 ,25.692572
0x285b ,22.87655
0x1e48 ,27.157553
0xa94f ,22.010845
0x72d5 ,15.675553
0x9b65 ,27.497374
0xdbd8 ,23.96929
0xb5d8 ,40.644802
0x5343 ,39.654808
0x3f57 ,25.142025
0x9222 ,32.65058
0x2e96 ,19.673653
0x254e ,26.175093
0x3e8a ,45.7367
0x6d0f ,40.067944
0x3de8 ,41.286594
0x58be ,17.511055
0x6899 ,26.736628
0xca3a ,40.142178
0xc6d7 ,35.5378
0x1ec3 ,38.811428
0x6c1f ,22.53295
0xa4ec ,28.854792
0x7e76 ,21.473183
0x435f ,20.112276
0xaa59 ,36.644997
0x963e ,29.42583
0x574b ,21.156326
0xbfe1 ,42.42802
0xb97d ,23.092634
0x8f2d ,26.566496
0xc0f4 ,25.65146
0x9954 ,23.382421
0x7a76 ,15.339819
0xce20 ,14.331946
0x3fae ,23.844164
0x1fc0 ,22.56925
0x4ec6 ,28.639757
0x8747 ,35.896744
0xd9de ,29.347744
0x2541 ,42.232727
0x6bf0 ,11.011772
0xa27e ,46.36694
0x8df9 ,16.561907
0x3629 ,40.771137
0x6c55 ,25.245426
0x8ae5 ,21.527136
0xce60 ,17.825289
0x1c7d ,23.348888
0x3393 ,21.254747
0x9ba9 ,22.91978
0x267e ,42.60288
0x9332 ,23.145004
0x70cb ,15.833808
0x31f6 ,36.90788
0xc108 ,24.703478
0x2a0b ,29.582514
0x85d5 ,23.991154
0x11cb ,47.70836
0x8db7 ,28.621489
0x1c40 ,16.93296
0x4af0 ,16.187271
0xcc9 ,16.684692
0xba9c ,21.667084
0x6268 ,29.528372
0x7e50 ,27.503786
0xdab1 ,19.527971
0xc702 ,22.453814
0xd712 ,39.665207
0x6e3a ,24.850565
0x2e19 ,13.341882
0x420e ,34.21252
0x2289 ,45.939377
0x83c8 ,28.207989
0x9b0c ,15.2994
0x2c8e ,15.609377
0x2506 ,34.546295
0xcef7 ,20.16282
0xd4ee ,25.60684
0xd70c ,24.024317
0xd2cc ,36.74251
0xaa6d ,14.67851
0x4b53 ,26.37433
0x3458 ,34.846043
0x6b38 ,33.864704
0xa9ff ,40.8278
0x5ff2 ,28.855587
0xdd43 ,28.787287
0x4f97 ,28.18511
0xb65a ,18.443863
0x4f32 ,16.735918
0x2e9a ,42.49077
0x4f9e ,28.906809
0xcaeb ,22.280146
0x15cc ,18.604889
0x9850 ,21.724245
0x50ac ,43.736458
0x7171 ,35.123787
0x93eb ,24.199783
0x39ea ,22.545013
0xa87b ,25.327295
0x5253 ,17.876467
0x5e9c ,27.748505
0x34fe ,17.645077
0xad63 ,42.071278
0xb9bd ,35.64621
0x9a6c ,27.041473
0xeec ,16.52802
0xca4e ,24.076933
0xd435 ,41.252533
0x6cdd ,17.432745
0xd833 ,42.949535
0xbfd8 ,20.288013
0x853f ,28.676043
0xb378 ,36.353115
0x4777 ,19.439535
0x7ca6 ,23.96912
0x2a26 ,40.524418
0x91d1 ,17.753029
0xd38f ,32.854424
0x4b29 ,21.711966
0xb266 ,25.694656
0xb422 ,26.742352
0x5077 ,13.566531
0x8937 ,21.361668
0x1263 ,39.377007
0x8c11 ,29.07358
0xc208 ,33.190876
0xbe35 ,21.391546
0x7d9a ,22.195137
0x3ea7 ,32.847076
0xb1e2 ,23.524258
0x57c0 ,33.183132
0x6283 ,45.327282
0xc40c ,16.217562
0x4e42 ,30.018585
0x8fa ,28.851349
0xa51b ,32.618855
0x86bc ,27.287474
0x3fb3 ,34.599873
0xc621 ,32.461235
0xabe9 ,29.454227
0xb4df ,41.66346
0xc00f ,37.258354
0xcd4f ,25.414341
0xce8c ,40.47017
0x9f70 ,27.494549
0xa3b7 ,28.240427
0xc313 ,37.936546
0x8f6b ,28.704197
0x9360 ,22.57585
0xa2d6 ,28.736195
0x547d ,44.42507
0x752b ,27.604193
0x2ba4 ,34.22436
0x28ee ,21.82518
0x8a28 ,23.249142
0x6a64 ,30.770391
0x1de8 ,16.500238
0x47ba ,39.815063
0x2a63 ,27.756218
0x3840 ,21.061722
0xa84a ,32.167625
0xe239 ,27.99637
0x7e82 ,41.155308
0x5e3f ,29.12993
0xa8f5 ,23.139322
0x2429 ,29.04928
0xd378 ,27.147242
0x36aa ,41.108974
0x96c0 ,17.585613
0x3362 ,13.111416
0x43fc ,23.813969
0x4f11 ,22.900806
0x10d4 ,35.429016
0xd758 ,22.160612
0x204a ,18.389675
0x8579 ,37.97493
0xad6c ,22.110693
0x83d4 ,24.187704
0x9a36 ,36.11495
0x44d9 ,26.32289
0x6c63 ,21.907661
0x25a0 ,28.521639
0x3bc4 ,23.949291
0xba6b ,18.632862
0xaf41 ,14.805445
0xd75 ,28.005701
0xc3cb ,20.909018
0x4da2 ,19.793283
0xda17 ,39.595356
0xa211 ,45.388145
0x6516 ,19.043934
0x3309 ,34.519547
0xce78 ,27.82596
0x73dc ,41.55677
0x6882 ,22.359356
0xe252 ,31.984018
0x617b ,20.755377
0xda86 ,30.489252
0x5355 ,21.565422
0x5d25 ,34.738365
0x45af ,31.529705
0xced5 ,27.960493
0x576b ,23.060236
0x2bcc ,34.09052
0xe09e ,34.31089
0xace0 ,24.371317
0x4483 ,24.60901
0x990a ,37.897163
0x4be6 ,21.820246
0xb90a ,19.4034
0x4ee8 ,14.816544
0x7154 ,22.422392
0x7ff2 ,27.497478
0x93fe ,16.240822
0x2cf0 ,28.576788
0x7fe8 ,21.805037
0x1f0c ,35.790665
0x263c ,37.085793
0x72a9 ,16.68902
0xafff ,24.07019
0xc310 ,46.99152
0xabb6 ,20.865389
0x82c5 ,16.626997
0x9e4b ,15.413737
0xa446 ,21.874401
0x261b ,16.419853
0x7cc8 ,15.559358
0x31cf ,36.75678
0x2416 ,26.546228
0x734f ,18.623362
0x81a9 ,21.560602
0x90a4 ,18.712875
0x62a9 ,26.182087
0xaf83 ,16.936573
0x9026 ,16.569553
0x12fd ,16.960146
0x8f21 ,36.180504
0x84dd ,29.421667
0xdf03 ,15.292827
0xa386 ,25.208462
0x30c9 ,24.525629
0x417f ,26.649261
0xdd5 ,21.21093
0x7b9b ,36.15548
0xa18d ,29.46591
0x8877 ,17.260075
0x9b7a ,25.403177
0xcd64 ,45.80099
0x3d8f ,22.956549
0xb0f9 ,22.486881
0x86b6 ,17.260658
0x98fe ,23.027308
0x612c ,29.958374
0x68fd ,28.340666
0xde77 ,19.384508
0x49e2 ,26.69485
0xd297 ,18.193787
0x3e8d ,33.88637
0x54e9 ,33.941776
0x6853 ,24.419521
0xd653 ,15.855366
0x19b6 ,20.969091
0x6b0e ,14.135088
0xcf8d ,26.002728
0x795c ,22.835718
0x1207 ,24.213524
0x7117 ,14.301747
0x7daf ,26.79712
0xc356 ,18.960342
0x638a ,37.302265
0x91f0 ,19.473034
0x7708 ,23.56281
0x5b3e ,39.126766
0x6ad0 ,35.734554
0x77ab ,39.386642
0x3f3e ,27.646646
0x7938 ,25.635632
0xde1b ,22.836918
0xaa04 ,35.074932
0x2025 ,14.958131
0x4c3f ,15.882053
0x8587 ,36.12057
0xce36 ,17.35792
0xe026 ,21.971655
0x1a1b ,14.645771
0x30b2 ,18.877485
0xbf09 ,22.322094
0xa530 ,20.026731
0x9400 ,13.139694
0x6229 ,30.021269
0x6940 ,27.19429
0x3bde ,26.170218
0x4995 ,24.070883
0x21ad ,19.173948
0x46c9 ,10.855042
0xc8f6 ,27.199892
0x46a2 ,22.709284
0xae44 ,26.441309
0x9c56 ,21.771473
0x71b4 ,22.277746
0x618e ,20.564453
0xa0c4 ,24.907412
0x5d60 ,38.044098
0x9cdc ,34.163708
0x99e1 ,25.235949
0x118d ,19.119736
0x89c0 ,23.966007
0x31d9 ,34.297375
0x2a54 ,17.449312
0x9be7 ,15.036553
0xae73 ,34.080204
0xc999 ,21.572403
0x4c38 ,34.294136
0x12ff ,22.471096
0xca56 ,35.36283
0xd0c1 ,26.741962
0x99a1 ,15.768246
0xac5e ,14.279485
0x395f ,22.614368
0x5b64 ,29.4873
0x1fd5 ,26.762953
0x1f5b ,31.94388
0xe9d ,14.648414
0xb4b5 ,18.644848
0x1f12 ,33.072647
0x5ecd ,23.66825
0x4d07 ,20.811031
0xae23 ,18.81204
0x9d01 ,45.402042
0x9f53 ,24.954512
0x83ed ,21.85733
0xd3f1 ,16.494638
0x67e6 ,22.007195
0x451f ,22.226051
0xb1c9 ,41.976482
0x495e ,35.5174
0xb205 ,16.48744
0x79c8 ,47.953735
0xbe22 ,23.233343
0xc7a5 ,34.343685
0x9fc3 ,29.916548
0x18e3 ,19.337954
0x3e4f ,26.497637
0x53ca ,13.359381
0x99c4 ,27.190119
0xc4b0 ,20.34337
0xa55c ,13.916932
0x779 ,40.268047
0x5261 ,34.4925
0x1b65 ,28.226923
0xb95f ,24.010193
0xbdec ,15.736517
0x7c35 ,14.268807
0x2451 ,24.178265
0xc03a ,16.245333
0x4909 ,24.735168
0x2b7e ,24.074026
0x7025 ,28.500605
0x9ee7 ,19.693487
0x70f ,27.891861
0xd71 ,21.823555
0x4ee ,18.724098
0xba09 ,28.658947
0xbee6 ,34.31393
0x5330 ,40.588856
0xbbc ,25.355501
0x320a ,26.392736
0x3e90 ,22.126833
0x94f7 ,22.983522
0x31d5 ,24.144361
0xde12 ,18.65649
0x6fd3 ,10.110946
0x69f5 ,19.457605
0x80e6 ,21.070269
0x652d ,27.996902
0x905c ,35.485226
0x35f6 ,23.227404
0x32b4 ,17.692719
0x2dfc ,28.8593
0x4cfb ,19.038641
0xa72a ,22.168125
0x6592 ,34.86874
0x423f ,37.311924
0x936c ,25.78072
0x509f ,33.088295
0x75a0 ,22.03104
0x9ec0 ,14.954642
0x79c6 ,24.313053
0x1965 ,23.593704
0xc07e ,27.860092
0xbba3 ,21.37702
0x7d31 ,22.94074
0x8fb0 ,37.521046
0xe36 ,37.26774
0x3257 ,25.001272
0x2512 ,14.6775675
0x4584 ,21.932573
0x142d ,25.862654
0xc376 ,25.932957
0x599 ,21.888773
0xd02c ,34.63236
0xae6a ,31.37024
0x9bc2 ,30.767454
0x62f9 ,21.672108
0xad8c ,15.671772
0x9008 ,22.792479
0x3eed ,18.69054
0x4e4c ,36.41192
0x1704 ,24.518469
0x75f8 ,37.44763
0x2304 ,26.250166
0x3541 ,17.901686
0x2505 ,29.927513
0x2421 ,21.001999
0x57e7 ,20.825512
0xc2f1 ,28.232233
0xce2d ,17.450481
0x2736 ,12.809264
0x708e ,39.018867
0x83d8 ,27.543627
0x4744 ,20.74597
0xb9c ,20.27795
0x8936 ,43.047703
0x177c ,24.767971
0xbd6 ,35.53994
0x2c81 ,27.280588
0x5ae1 ,15.756815
0x5061 ,23.557417
0x2d39 ,24.889576
0x2d7e ,29.293774
0x588a ,15.074135
0x1ef6 ,27.997377
0x56d3 ,12.43433
0x5a14 ,14.642104
0x8655 ,23.4655
0x93a4 ,17.772217
0x71e7 ,18.319008
0x95e2 ,17.316603
0x89c1 ,26.211218
0x93b5 ,17.130823
0x2050 ,30.408266
0x5df0 ,23.425657
0x6f65 ,39.97465
0xc236 ,18.246199
0x2aeb ,24.239176
0x5ec7 ,24.047535
0xc809 ,23.160917
0xb334 ,24.477547
0x7750 ,14.791441
0xd079 ,28.062975
0x3fe3 ,26.398561
0x828f ,20.578785
0x7366 ,18.054068
0x9907 ,21.733383
0xb19e ,27.535868
0x6952 ,16.926424
0x510a ,36.96562
0xbeca ,22.227997
0x80f6 ,19.843657
0xb489 ,13.848599
0x83a8 ,26.114222
0x32a0 ,33.51171
0xcef3 ,27.048065
0x21a8 ,16.771336
0xd835 ,33.689262
0x248d ,28.357166
0x4134 ,23.255522
0x5ddd ,24.059528
0x570e ,14.524181
0xa871 ,25.800724
0x54af ,16.94883
0x8557 ,16.454521
0x8909 ,22.217222
0xc75 ,20.56446
0x92a7 ,47.410378
0x32ee ,34.781384
0x73f0 ,16.705221
0x9057 ,23.717548
0x1345 ,16.134428
0x4d0e ,19.399704
0xc98d ,21.375854
0xc4d8 ,36.85742
0xc643 ,15.071504
0x6c5f ,19.417261
0x6a1b ,29.848661
0x6465 ,16.960741
0x1d3a ,14.665345
0xbfab ,15.1889105
0x9abe ,14.50673
0xcd17 ,20.004902
0x6b65 ,16.988321
0xc897 ,32.653908
0x3f62 ,28.561398
0x6df2 ,15.284431
0xae2b ,19.483229
0x86c ,22.2209
0x24cc ,8.373234
0x7c1 ,18.315123
0x7d05 ,20.340586
0xa1df ,16.010086
0x9ae5 ,19.885164
0xd0f1 ,29.870678
0xafb0 ,24.771338
0x5948 ,34.35257
0x846d ,35.110638
0x3c97 ,34.524136
0x2373 ,17.922184
0x9a33 ,13.574783
0xc46a ,15.771231
0x3763 ,22.72896
0x18e5 ,18.301893
0x6f79 ,22.536661
0xcb92 ,43.918755
0x4661 ,22.726173
0x3bac ,15.446586
0x440d ,21.820332
0x2812 ,17.614029
0x1b54 ,28.100163
0xa10a ,45.694557
0xaff4 ,25.7236
0xa175 ,21.153776
0xd961 ,41.620235
0x7bee ,34.86833
0x845b ,17.529375
0x4abb ,26.908691
0x16df ,43.35544
0x8f3d ,24.750116
0x8263 ,46.41815
0x2c2b ,17.482706
0x1132 ,15.777842
0xc4fa ,30.443127
0xd846 ,41.61149
0x9b6a ,18.004086
0x9623 ,21.519222
0x4595 ,21.567373
0xd22 ,17.67854
0x38b7 ,37.309216
0x7778 ,28.906115
0x46eb ,17.694443
0x91e7 ,36.409412
0xc162 ,27.615908
0xf1c ,36.890556
0x549c ,42.031498
0x3885 ,15.620628
0x4dfd ,25.339323
0x95f2 ,36.23044
0x7706 ,24.489176
0x6212 ,19.573177
0x692c ,27.71752
0x30d8 ,40.859364
0xb8db ,36.455734
0xef6 ,38.361275
0xd25e ,18.280418
0xb3fb ,22.25749
0xc1e0 ,14.300461
0x95ba ,43.38843
0xa3f ,20.588367
0x9526 ,34.32286
0x24fe ,26.218336
0xd50f ,17.320896
0xa177 ,18.23447
0xc605 ,26.550568
0x4ba2 ,21.987688
0xcee3 ,36.618465
0x453e ,21.118473
0xd411 ,33.969887
0x7bf7 ,20.101927
0x24e9 ,17.8099
0x941d ,20.204441
0xa7c8 ,14.993745
0xddf1 ,35.818947
0x1adc ,19.76202
0x77eb ,18.804428
0x8bd7 ,20.161469
0x2ae5 ,16.26157
0x2da8 ,34.942204
0x1398 ,19.203392
0xbc30 ,24.344906
0xa00c ,26.848682
0x2316 ,26.617706
0x51a0 ,22.278881
0x292d ,21.221552
0x5f0e ,32.504177
0xd5a1 ,29.083632
0x8b80 ,14.962271
0x1708 ,13.349431
0x80e7 ,23.38958
0x28f0 ,15.876361
0xb3e5 ,23.981937
0x116d ,42.649055
0x47b1 ,29.82225
0x1ce8 ,16.667149
0x56e1 ,24.701473
0x56d7 ,41.62669
0x5903 ,25.172108
0x13ff ,27.883781
0x7658 ,22.9047
0x26d3 ,28.392824
0x61f3 ,42.476124
0x4365 ,18.370153
0x3fa4 ,22.529335
0x9486 ,37.4324
0x30b8 ,40.25531
0x55a0 ,19.684555
0xe26 ,21.69694
0x9d4e ,49.37888
0x3a80 ,22.073275
0xfa1 ,27.91049
0x21f8 ,43.68935
0x57b1 ,44.97317
0x69eb ,26.447826
0x12a8 ,23.888453
0xe088 ,23.25963
0x7a45 ,28.935682
0x2958 ,26.868189
0x3c86 ,22.243181
0xb151 ,16.740105
0xa1a0 ,32.91667
0xb845 ,36.622513
0x85e3 ,28.951914
0xaf39 ,16.13348
0xc215 ,22.918207
0x36eb ,25.348743
0x692e ,18.901937
0xd8e4 ,36.648712
0x12f2 ,19.309446
0xdfe5 ,15.149746
0x776f ,41.573803
0x2727 ,10.861305
0x6b48 ,22.467384
0x2917 ,19.090351
0xb111 ,39.881058
0xd429 ,29.419283
0xfed ,26.033398
0xdf96 ,14.263793
0xde4b ,27.295092
0xa592 ,21.387873
0x397f ,22.643894
0xc259 ,38.64187
0xa27a ,29.04197
0xbb71 ,17.659979
0x6966 ,40.64356
0xd090 ,24.533873
0xb5ee ,17.53284
0x6e0e ,24.369888
0x7bec ,17.723524
0xdc9c ,19.36354
0x3533 ,21.742308
0x5aef ,27.618944
0x9713 ,41.290226
0x8cb5 ,37.19567
0x3ae9 ,37.14997
0xcf75 ,24.764921
0xd567 ,32.394894
0x3989 ,40.606308
0x1a14 ,24.04077
0xa7e4 ,16.373672
0xba94 ,28.87836
0x13b8 ,23.67545
0xe0d6 ,14.728824
0x585f ,36.718132
0x9750 ,22.141672
0x504f ,22.312428
0x2b8a ,40.766
0x90c7 ,19.240597
0x89e8 ,23.134989
0x6d88 ,36.571507
0x5eb9 ,39.60306
0x6905 ,46.99307
0x9c1 ,17.645475
0xc2d7 ,22.704247
0xb599 ,38.807632
0x960 ,22.865
0x45ec ,22.542171
0x14b9 ,40.885212
0x14ce ,11.962071
0xbb00 ,24.060923
0x3cc2 ,37.033833
0x1df5 ,27.629337
0x98db ,46.472054
0x8d8b ,29.609394
0x9411 ,35.897526
0x5506 ,28.17098
0x85d9 ,19.10235
0x713 ,25.620932
0xc580 ,27.841288
0x5c45 ,21.125837
0x77e7 ,29.80917
0x7a02 ,22.380411
0x63e5 ,23.441656
0x1efa ,25.029142
0x5d44 ,35.99138
0x6157 ,34.68208
0x7f96 ,40.241985
0xb5b6 ,14.7676735
0x8476 ,28.36601
0x702b ,24.21857
0x7f80 ,29.303703
0x13f3 ,19.463524
0x121b ,21.883062
0x343b ,17.453535
0x739 ,27.00101
0x2817 ,19.691519
0x7c74 ,28.561907
0x512f ,39.22018
0xb063 ,21.991514
0xd577 ,15.3443165
0x5bfe ,43.131405
0x3586 ,28.618681
0xfab ,19.37101
0xbeef ,39.979042
0x66ad ,22.90339
0x7abf ,17.35573
0xbe93 ,26.292612
0x9a78 ,39.010796
0x390c ,28.653252
0x4518 ,35.488934
0x3524 ,24.034378
0x588 ,23.878174
0x7a1b ,28.232956
0x2275 ,16.490889
0x5c11 ,17.625032
0x8b79 ,21.272127
0x3825 ,15.225603
0x5c8 ,20.833464
0x27d3 ,35.51777
0xd9e1 ,12.848785
0x8cc5 ,21.794542
0x985c ,26.046598
0x75e4 ,12.423344
0x4258 ,21.555387
0x96a6 ,27.262264
0x2244 ,31.362047
0x4f4e ,19.981085
0xd592 ,41.33674
0xa54 ,25.361406
0x5a1b ,21.009825
0x7f63 ,13.797542
0x6ec0 ,35.35961
0x3a48 ,38.545624
0x763e ,19.799547
0x6d4e ,18.546299
0x3bb6 ,15.454744
0xd056 ,40.85016
0xd33b ,31.181904
0x547 ,32.838062
0xdd34 ,25.868042
0x622c ,13.172776
0xb87d ,39.192284
0xc470 ,38.85903
0x1aa7 ,22.598293
0x5e7a ,21.479925
0xcfe5 ,18.202839
0x7a04 ,38.266064
0xacca ,23.719265
0x6f90 ,18.003635
0x2508 ,19.443209
0x645c ,29.572601
0xb25 ,18.642757
0x48f ,20.9508
0xaadc ,22.33977
0xa44e ,32.8868
0xa50 ,22.330563
0x11e8 ,17.198227
0x13d5 ,26.158377
0x973d ,23.999205
0x4ac8 ,20.723236
0x8e23 ,37.151875
0x4be8 ,34.386826
0x6b02 ,26.252855
0xa833 ,17.684282
0x709a ,31.616432
0x3c6f ,23.644228
0x9ac2 ,25.653608
0x743b ,14.663244
0xcd94 ,18.840988
0x61c ,27.696068
0x5c63 ,17.11023
0xb791 ,38.463184
0x4968 ,15.44565
0x1589 ,17.104597
0x8788 ,47.438946
0x5d5f ,30.104687
0xc323 ,23.03702
0xbfd0 ,18.751997
0x466a ,35.961704
0x7dc1 ,19.824501
0x4b42 ,28.436432
0x1639 ,22.553747
0xfa2 ,36.89125
0x45df ,22.698793
0x85ee ,26.442087
0x8a1c ,16.956188
0x6eb7 ,33.686546
0xb663 ,25.432602
0x8483 ,16.972778
0x48d4 ,24.076017
0x79f8 ,35.20873
0xcb6d ,15.275
0x1eef ,17.482147
0x34a3 ,40.925495
0xafcc ,17.030415
0x6e89 ,17.544807
0xc903 ,18.777382
0x5597 ,21.967545
0x1924 ,19.098856
0xa9b8 ,17.9425
0xc7cf ,29.733547
0x1189 ,24.483364
0xde28 ,21.071262
0x7a3 ,42.489433
0xa61e ,19.240648
0x454 ,24.234812
0xd70 ,18.194616
0x39c7 ,18.24287
0x4d32 ,26.74803
0x115e ,21.548933
0xa90d ,26.598871
0xb5fe ,42.64059
0x7984 ,37.291485
0x571a ,27.289745
0x2fd5 ,29.871725
0x6ea ,31.482798
0x4ff ,33.05999
0x82d7 ,17.323854
0xa290 ,29.006794
0x61ac ,17.231474
0xd2d4 ,19.556917
0x428f ,38.979946
0x8819 ,21.923302
0x1833 ,18.151196
0xbfa3 ,18.487299
0xcdd1 ,22.471867
0x1d89 ,22.381166
0xa6ee ,41.813698
0x48a1 ,41.0388
0x2ad0 ,15.537198
0x42e ,26.29972
0xc749 ,19.131813
0x127c ,25.063251
0xc6ce ,27.578234
0x7606 ,21.526299
0xaabb ,22.27049
0x7a78 ,26.566711
0x500a ,26.846786
0xc8ae ,14.469815
0x7e83 ,41.800827
0x600 ,25.440899
0x93a6 ,13.360087
0x6659 ,23.073956
0x1de0 ,18.68331
0xb3d6 ,17.919403
0x7b3e ,24.906294
0x5fd9 ,34.85296
0x7691 ,24.256203
0xd42e ,35.36288
0x20bb ,34.78485
0x8c93 ,24.003145
0xe212 ,16.919912
0x624e ,21.090252
0x9ae9 ,17.046354
0x37b0 ,17.74589
0x65c ,14.326493
0x692 ,37.31593
0x3f04 ,32.329617
0x916f ,37.266506
0x7629 ,40.199497
0xe031 ,30.456581
0xb181 ,20.995428
0xdcea ,24.56243
0x32c8 ,28.96014
0x9416 ,28.56505
0x8611 ,35.303104
0xde29 ,18.202862
0xc00b ,21.12491
0x8e10 ,30.904785
0xbd6d ,22.516981
0x39de ,23.686426
0xa555 ,22.999853
0x22f5 ,18.479551
0x4e5c ,26.358234
0x786c ,23.354757
0x3244 ,36.668392
0xccf8 ,16.418242
0x6463 ,37.215324
0x983a ,16.788193
0xb15c ,43.6744
0xcf0f ,24.063166
0xd5a9 ,15.152819
0xcdbd ,16.308817
0xb571 ,36.78209
0x7885 ,23.834715
0xaf7b ,38.77259
0x869c ,22.092625
0x1b62 ,22.521435
0x6616 ,40.400978
0x45fc ,39.80418
0x73bf ,15.372154
0xc69e ,23.196028
0x2b0d ,45.01291
0xbf27 ,17.298958
0x4333 ,17.557968
0x95d8 ,40.827194
0x6cf2 ,32.736782
0x69be ,26.642536
0x6003 ,34.574623
0x745f ,29.123629
0x7789 ,33.723076
0x3dd5 ,43.435364
0x29ae ,27.820847
0x2e26 ,22.74159
0xbbae ,36.515675
0x8ef9 ,36.460476
0x6375 ,22.041452
0x4902 ,34.86892
0x4d9c ,23.88364
0x4a0a ,20.83225
0xccf6 ,37.448826
0x5793 ,29.199425
0x2f28 ,22.286642
0x962f ,18.663744
0xbb80 ,16.417505
0xd293 ,15.637705
0xba0d ,23.340242
0xb917 ,17.24598
0x9b3d ,18.18416
0x6718 ,42.690784
0xaced ,26.918896
0x6977 ,25.72245
0x5c92 ,19.279676
0xe0b3 ,32.605732
0xb54e ,9.976549
0x895 ,17.327627
0x3d94 ,12.769687
0xbbd5 ,36.436172
0xb6db ,41.231834
0xd62b ,26.991196
0x6961 ,39.505066
0xde3d ,32.203873
0xaa5a ,24.251558
0xaf1f ,25.720402
0x76c3 ,19.11895
0xd1bf ,34.714954
0xdc1b ,19.286486
0x9b9 ,35.37114
0x7ab7 ,39.99166
0x2379 ,15.612371
0x20e0 ,24.013338
0x8026 ,27.489569
0x16c2 ,21.992449
0x9fc8 ,17.181108
0x27d5 ,34.9401
0xce65 ,29.085861
0x6c37 ,19.343534
0x80da ,39.296337
0xb150 ,19.625069
0xd836 ,24.190449
0x6fb4 ,41.89093
0x8d34 ,23.213312
0x39e3 ,17.013374
0xdd0b ,23.300877
0x9473 ,21.170773
0xa8ed ,21.715925
0xb401 ,23.622116
0x8f39 ,26.52432
0xe0fc ,31.322632
0xb865 ,35.857224
0xae83 ,24.54819
0x9bdf ,17.70343
0xa93d ,42.89979
0xaed6 ,24.972557
0x8a53 ,21.595201
0x4c66 ,24.395943
0x6d81 ,15.613094
0x2eea ,28.25594
0x4aaf ,29.109995
0x43e ,22.779413
0x1648 ,39.777676
0xcab2 ,23.950119
0x839b ,21.601255
0x7a18 ,19.32946
0x92e5 ,15.800025
0x3f1f ,29.597818
0xd10f ,24.212997
0x558f ,15.091076
0x2f4b ,26.41785
0xbc2b ,25.918665
0x218a ,22.02656
0x4957 ,25.181385
0x7309 ,17.637056
0x6e86 ,25.210682
0x61e1 ,31.833326
0x1ef7 ,30.540615
0x3887 ,29.658377
0xbdae ,15.688606
0x16b7 ,17.091969
0x6e8f ,38.63342
0x27b3 ,22.154427
0xd220 ,24.37827
0x85b0 ,19.126574
0xc3af ,28.586142
0x2998 ,19.738167
0x82cc ,21.326723
0x5a60 ,30.814705
0x8a8c ,22.331165
0x717c ,24.14582
0xd4d2 ,28.102488
0xb75d ,22.774502
0x24fc ,15.598856
0x222f ,30.622072
0xc62b ,25.974796
0xb204 ,27.537489
0x74bb ,27.213364
0x98c5 ,21.142809
0x26b4 ,26.650196
0xbd7a ,16.251621
0xa03e ,24.089424
0xae28 ,29.154152
0x490a ,29.62021
0x48a7 ,24.023039
0xa0a ,15.391524
0x630e ,16.257076
0x67ef ,27.0741
0x14a5 ,28.956085
0x58de ,23.473433
0x96d0 ,28.647512
0x2682 ,36.74261
0x15ed ,19.130192
0xdff0 ,37.008114
0x69ab ,20.100098
0x6aaa ,19.118748
0xd4e0 ,24.495438
0xdd91 ,31.962852
0x907c ,22.803898
0xc42 ,43.398285
0xda3e ,43.86005
0x7a55 ,32.619225
0x6b34 ,18.785444
0x6f1b ,22.922302
0xa711 ,41.607033
0x2f2c ,39.251156
0x19ee ,21.585508
0xdf70 ,23.323946
0x3d10 ,35.900623
0x2fb1 ,29.343292
0x4136 ,21.599415
0x4789 ,23.59413
0x315a ,9.737312
0x1343 ,28.47452
0x933b ,27.174635
0x934f ,19.44697
0x1c8f ,22.324717
0x3ca9 ,18.500956
0x476e ,18.284754
0x1e8d ,22.620237
0x629a ,31.555859
0x30bb ,26.743803
0xd9c2 ,38.77356
0xb4f3 ,21.582087
0x25b6 ,37.39633
0xdf5c ,28.423126
0x7f9a ,18.057325
0x58bb ,21.915457
0x84a ,24.241322
0x40d6 ,17.622402
0x495 ,30.720287
0x9426 ,23.22609
0xb259 ,16.285387
0xb8a8 ,22.74199
0xd834 ,34.750813
0xcef5 ,13.252546
0xdece ,40.04205
0x6409 ,40.251183
0x10dc ,40.128857
0xccc ,12.622941
0xd41d ,26.244215
0x6c94 ,24.87327
0x4f43 ,18.156036
0x647c ,19.00729
0x874c ,16.824503
0xb0c0 ,13.441064
0x8ed3 ,44.892826
0x40bc ,24.90563
0x37d7 ,35.297768
0x34c6 ,33.303196
0xc15b ,15.104723
0x91a5 ,31.805346
0x358c ,21.681887
0x1f36 ,19.663237
0x59f ,23.790756
0x73a ,27.84722
0x11da ,17.848364
0x986 ,19.542147
0xa9fe ,34.618736
0x121f ,35.07766
0x569b ,38.57482
0xa523 ,32.05002
0xb6c8 ,38.048965
0xa78f ,37.537663
0xdb59 ,21.020552
0xdeef ,21.464897
0x2ca0 ,36.83766
0x5024 ,28.098528
0xa2bd ,28.919392
0xc98b ,22.852499
0xcd65 ,28.171696
0xbce ,27.049593
0xc956 ,23.238985
0xb22f ,23.849817
0xdad9 ,49.178864
0xa907 ,36.715897
0x5cc8 ,32.700657
0xcb62 ,18.602957
0x4ca2 ,14.515648
0xd339 ,28.474047
0x5947 ,18.708666
0xd137 ,28.301722
0x6491 ,23.359465
0x47e7 ,19.984394
0x2cec ,29.92583
0x8b3b ,13.132521
0x278d ,27.37295
0x673 ,15.830323
0xd977 ,34.489975
0x5f3a ,33.757545
0x30dd ,34.20965
0x2729 ,14.537059
0xc6ec ,21.846773
0x7ad0 ,18.41528
0xbc49 ,22.381971
0x21eb ,46.843166
0x7c9c ,22.086384
0xa437 ,37.032124
0x2ecd ,23.97009
0xa497 ,31.412033
0xd757 ,22.914127
0xe15e ,25.769562
0x95dd ,26.393873
0x91aa ,25.784971
0xb14d ,34.909256
0x4e43 ,22.574682
0x774b ,34.51137
0x2f0a ,14.376282
0xd8d4 ,20.709301
0xb29e ,29.145508
0x8895 ,13.422733
0xcf9d ,37.865055
0xdfcf ,42.231476
0xda2b ,13.527126
0x6166 ,15.05366
0x9e6 ,17.154825
0x86e5 ,27.404375
0x4bb1 ,23.04292
0x42c5 ,22.974775
0x7ce1 ,20.341614
0x1b22 ,42.999367
0x107d ,23.141758
0x6a0f ,27.747837
0xab5a ,19.974722
0x4b40 ,28.495232
0x5b1b ,29.83827
0x11fc ,28.972776
0x53dc ,16.984343
0xdc0e ,23.327288
0x3ca7 ,23.977512
0xb626 ,15.434652
0x19b0 ,25.68538
0x12b8 ,27.902573
0xc42a ,45.119175
0x29e2 ,35.822327
0x4df7 ,27.753418
0xc5e3 ,22.427006
0xc30e ,29.485731
0x7e6d ,22.134727
0x29eb ,29.757261
0x745 ,15.827973
0xd837 ,19.920727
0x2d00 ,23.398394
0x3c80 ,36.6276
0xbb5d ,28.950123
0x9695 ,24.981272
0x6305 ,16.742823
0x455 ,26.603556
0x2698 ,18.007559
0x147d ,21.029444
0x66a1 ,13.161981
0x1452 ,35.139606
0x1413 ,22.171389
0xa5ac ,21.647837
0x542a ,28.621851
0x8678 ,17.994835
0xd28f ,24.358934
0x9f65 ,29.50498
0x478 ,28.594267
0x4648 ,22.806051
0x9f1c ,32.046757
0xdd37 ,47.339146
0xbfd ,29.981215
0x5b9 ,25.778439
0x9702 ,18.382566
0x56e0 ,23.04941
0x2502 ,18.865007
0x54ff ,23.030582
0x502c ,23.746647
0x3337 ,26.306662
0x8890 ,15.931337
0xc089 ,15.188692
0x8bba ,19.71402
0x9cc ,39.217056
0x48a4 ,28.541033
0x7eda ,29.12889
0x80a1 ,31.067268
0x178a ,23.835346
0xa505 ,29.323109
0x228c ,21.672688
0xb9b9 ,17.504467
0x777d ,19.246258
0xa783 ,23.126806
0xb894 ,26.265568
0x3911 ,28.59199
0x5b22 ,47.023117
0xd900 ,40.26249
0xb432 ,29.673855
0xcfc7 ,16.065958
0x7da2 ,15.763017
0xcdb0 ,31.299652
0xd11a ,25.072277
0x234a ,35.027992
0xcf95 ,24.935404
0x64b2 ,21.813288
0x8929 ,28.511782
0xc86f ,22.064943
0x5a78 ,23.320772
0x3d0f ,24.467278
0x24e0 ,23.405819
0x6ffb ,15.123192
0x7f7d ,15.135292
0xcace ,40.36019
0x1a81 ,36.4129
0x23e7 ,37.950375
0x49e3 ,27.031763
0x556e ,16.205442
0x6526 ,19.220076
0xa2ae ,19.169909
0x24a9 ,12.931369
0x78e6 ,21.738323
0xc907 ,18.736132
0x2587 ,15.097622
0x30aa ,34.958866
0x7485 ,21.699173
0x1ac6 ,25.975513
0x5d36 ,13.138798
0xcc1c ,25.334572
0x18aa ,17.912302
0x8e85 ,18.048891
0x4aa ,21.337626
0x4287 ,25.73174
0x6e06 ,23.769705
0xa86c ,24.36469
0x7dfb ,21.712084
0xb9b0 ,16.880457
0x94f0 ,24.200977
0x4b63 ,15.313129
0xa8b6 ,36.68553
0x6090 ,17.15116
0xac37 ,19.7152
0xd69c ,34.316685
0xdb7e ,42.013847
0x6703 ,26.357725
0x3096 ,15.763627
0xcb6b ,24.431803
0x7513 ,18.855928
0x5d66 ,26.718023
0x98c ,21.876703
0x56f1 ,39.37375
0xfe3 ,23.093102
0x1209 ,44.52033
0x2c69 ,25.264795
0x657f ,22.734533
0x51f9 ,17.76882
0x5ab4 ,40.10759
0x9e5f ,23.915186
0x689 ,22.98916
0x6f95 ,17.97337
0xd26b ,20.845465
0xaecf ,29.851042
0x274b ,22.191265
0xd00 ,20.546032
0x9022 ,23.045364
0x6fcf ,38.087418
0xde8c ,36.63889
0x9fcc ,32.794956
0xbac4 ,27.846216
0x354d ,28.529879
0x9765 ,23.15476
0x1ecf ,22.078337
0x377d ,18.673199
0x166c ,22.838326
0xcdba ,15.370732
0xc722 ,20.512177
0xb8e3 ,18.47446
0x56fe ,40.381844
0x32fa ,21.779222
0x3383 ,24.620258
0x4a17 ,35.704426
0x4325 ,22.926468
0x9847 ,15.373438
0xd61b ,19.23252
0xbc83 ,37.65393
0x7d0b ,20.645266
0xc210 ,21.480543
0x2103 ,39.60632
0x17fc ,41.61917
0xd5a ,25.589027
0xcf8c ,15.9804945
0x3f6c ,21.674742
0x86ae ,28.909317
0xcabf ,23.929283
0xc78f ,24.22448
0xc26 ,22.826403
0x8b56 ,40.665283
0x8ca8 ,31.25165
0xd2c4 ,22.474697
0x5b2d ,22.713743
0x7605 ,21.687948
0x5e70 ,41.550224
0xa6a0 ,24.885035
0x4660 ,16.090021
0x93dd ,36.71603
0x91c2 ,15.452115
0xda72 ,24.297802
0x1988 ,24.77346
0x7cef ,20.746376
0x3266 ,20.896
0x8c97 ,40.035706
0x328f ,33.15559
0x2e69 ,25.706867
0x726c ,19.57893
0xaf00 ,32.641823
0xbc79 ,23.453041
0xc782 ,28.454674
0x7676 ,22.720753
0x706d ,16.214512
0xa7b9 ,36.998432
0x3389 ,37.03193
0xb2fa ,28.543814
0xcecb ,23.03785
0xb0b8 ,23.66359
0x9e37 ,17.389328
0x1ad1 ,29.438478
0x9009 ,14.086897
0x55b4 ,34.184982
0xda2d ,13.238869
0x9f43 ,35.797253
0x2ead ,40.605526
0x4e70 ,24.673569
0x5f65 ,21.356138
0x5b65 ,22.256893
0x4959 ,22.552332
0xd52f ,37.47508
0x8269 ,15.846539
0x7410 ,22.479752
0xb08c ,19.782969
0xcb27 ,16.882568
0x42c9 ,27.15711
0xb245 ,23.539007
0xbfea ,35.043587
0xbabf ,24.019382
0xa60e ,24.414942
0x7aa ,15.168113
0x6e96 ,17.812975
0x3432 ,21.430914
0x5b2a ,20.125824
0x7151 ,18.930035
0x731c ,14.96436
0x8661 ,30.07526
0x5cc ,17.396914
0x5012 ,16.28958
0xc399 ,15.780059
0x732d ,30.242117
0xd663 ,26.687841
0x6a14 ,24.045374
0x134b ,41.089176
0xe26d ,15.365046
0xd0f7 ,34.271122
0x9daa ,23.56647
0xd2fa ,22.044106
0xb302 ,17.845718
0x7164 ,17.274864
0x38a5 ,40.917244
0x2c04 ,23.955988
0xca42 ,25.08201
0x204e ,20.647818
0x4ce5 ,19.38036
0x84b8 ,18.408615
0xbb30 ,23.423054
0x6a6 ,28.039614
0xb43e ,30.111635
0x3a7a ,37.061146
0x7211 ,23.350512
0x834c ,15.223519
0x9b91 ,19.892576
0x4e4a ,24.247925
0xce0f ,18.535769
0x4dd1 ,26.47098
0x9628 ,18.640486
0x37ea ,27.747293
0x6f62 ,45.360367
0x7abb ,24.586256
0xb5c6 ,27.211985
0xa966 ,31.128492
0x69b1 ,24.6531
0xaa87 ,41.700005
0x607c ,52.01455
0x1bf9 ,26.74503
0x8343 ,15.863302
0x37b7 ,21.531881
0xdb3e ,23.327467
0x8e3d ,24.170952
0x9d80 ,23.430155
0xe111 ,36.881046
0x1dde ,23.983496
0x9b98 ,24.130375
0x40e9 ,13.953766
0x3cd4 ,22.16257
0x58c3 ,15.463757
0x600c ,28.45935
0xc4a6 ,27.316286
0x38dd ,21.161583
0x8160 ,21.254774
0xa02 ,32.256718
0x1f26 ,29.14334
0xb123 ,23.236471
0x5b32 ,47.112053
0xdc1e ,14.724675
0x65bd ,23.034548
0x3467 ,22.36287
0xa142 ,27.692698
0xc3c ,31.539686
0xab1d ,33.494217
0x2b01 ,17.807991
0xc817 ,40.073856
0xa87f ,40.487793
0x7113 ,22.351685
0xa41c ,41.378925
0xbeea ,26.621582
0x7dd1 ,16.083157
0xcf80 ,18.059433
0x37d5 ,31.71706
0x3424 ,24.781557
0xa542 ,37.020275
0xd72b ,44.765366
0xccca ,28.477947
0x45b2 ,23.572412
0x5928 ,34.724182
0x4944 ,14.687762
0xb062 ,21.294893
0xd23a ,42.197792
0x4479 ,28.757599
0xd5eb ,23.448856
0x42e9 ,29.222466
0x174a ,35.09139
0x241f ,28.154509
0x29bd ,45.74004
0x3610 ,40.63991
0x14b7 ,26.078983
0xd5ce ,18.056551
0x6309 ,16.828873
0x6a0 ,28.845905
0x4e98 ,22.283905
0x162e ,22.700552
0x5b68 ,17.70922
0xc7b8 ,35.12283
0x9073 ,22.984207
0x70aa ,20.12372
0x99a2 ,25.56259
0xcf99 ,34.404724
0x56b1 ,19.118942
0xdd41 ,35.846058
0x180e ,29.020882
0x19fd ,21.900742
0xbfee ,23.202503
0x6e9e ,40.782444
0x4bb2 ,39.120384
0x819f ,23.080568
0x54c0 ,24.195461
0x4e06 ,16.749453
0x6627 ,25.906675
0x8b8 ,20.652098
0xd964 ,20.440525
0x3055 ,42.554317
0x8810 ,32.951035
0xbcb6 ,26.241962
0x4836 ,19.722599
0x1d79 ,23.93775
0x4004 ,19.592396
0x6fe4 ,22.686539
0x4df4 ,22.265192
0xb3d9 ,21.214039
0x3734 ,15.233641
0x6272 ,24.873697
0x211b ,29.518759
0x641c ,22.890213
0x35d5 ,17.807158
0x89e6 ,34.38845
0xacc4 ,22.783592
0x83b6 ,17.510242
0x7e79 ,45.519955
0xc3cd ,27.69719
0xb594 ,12.232886
0x1a4e ,27.609127
0x6098 ,35.01546
0x1cf5 ,22.969473
0x237d ,17.873423
0x566f ,24.51894
0xaf5b ,26.069613
0xb833 ,16.613302
0x21a0 ,15.4307
0xdea ,28.054098
0x2e0f ,25.715406
0xac69 ,16.905994
0x39b2 ,23.075926
0xb1dc ,22.732327
0x885 ,41.06156
0x9c42 ,21.289454
0xaaa1 ,21.305298
0xa76a ,44.61961
0x37cf ,17.944668
0xb4ed ,19.73351
0x7262 ,23.316135
0xd600 ,23.544264
0x2890 ,19.467516
0x14c3 ,28.583662
0xd6b6 ,18.659933
0xe176 ,17.933737
0xbde8 ,19.719099
0x6510 ,38.53385
0x1d71 ,17.138464
0x21be ,22.592314
0x739e ,26.101704
0x1b6b ,26.622852
0x146b ,26.41156
0x55f1 ,37.999653
0x5b50 ,27.57865
0x8b96 ,27.954716
0x3ffd ,35.79174
0x5ba5 ,41.239353
0x6527 ,28.952124
0xdf97 ,14.691727
0x5ae5 ,37.161022
0xd87c ,15.401367
0x1cb4 ,23.229807
0x3920 ,33.719833
0xdf62 ,25.927225
0xb8c ,26.72087
0x65d2 ,22.245735
0x13c8 ,29.10797
0x38cb ,21.435944
0x4ba ,21.336664
0xa90 ,21.23701
0x7df3 ,29.142187
0xb951 ,22.976582
0xe160 ,16.674082
0xa716 ,17.981815
0x6d21 ,16.078423
0x5eea ,13.552907
0xa52c ,13.997555
0x4972 ,35.23628
0x9017 ,21.595186
0xa5bd ,22.783895
0xbb02 ,23.655556
0x505d ,32.111435
0x5783 ,22.845491
0xacee ,21.971458
0x1e80 ,29.416191
0xdef2 ,13.433055
0xa2d2 ,33.67895
0x5ea4 ,23.385635
0x418c ,32.693455
0x3786 ,22.53074
0x21e6 ,23.70347
0x5dd ,30.934788
0x629f ,44.935844
0x6ef1 ,28.806742
0x703b ,22.963913
0x8c71 ,39.181988
0x45b0 ,16.49649
0x73d9 ,40.377098
0xd86b ,28.461931
0x4be3 ,17.752218
0x80a7 ,23.934294
0xcb05 ,35.42587
0xa150 ,28.52459
0xcb43 ,37.067665
0x114f ,19.67043
0xe1e8 ,26.270185
0x5e1 ,24.223795
0x45d3 ,27.759895
0xd05c ,23.156023
0x4268 ,21.974716
0x450d ,29.697643
0x9d21 ,29.663866
0x6f10 ,39.315495
0xcda3 ,22.20637
0xba00 ,24.615381
0x6326 ,35.588936
0xae11 ,27.783249
0x9a47 ,40.00366
0x4ed ,22.60576
0x3cdb ,16.213825
0x2eb6 ,23.958523
0xb075 ,22.395613
0x976 ,29.53902
0xb959 ,39.40038
0x287f ,44.329166
0x3967 ,31.27856
0x74f8 ,24.986582
0x3eee ,17.955772
0x3d60 ,16.242643
0x7506 ,24.099916
0x3e16 ,25.125948
0x7636 ,32.50132
0x803b ,23.643475
0x5172 ,15.872675
0xa841 ,31.93717
0xa67f ,13.3729315
0x8039 ,29.747133
0xe0dc ,26.11687
0x842 ,19.643215
0xd1f0 ,15.346583
0xde27 ,35.022682
0xa8df ,28.532158
0x8fb9 ,15.278965
0xb287 ,15.923598
0x29e4 ,22.1148
0xd710 ,14.154963
0x3264 ,22.643051
0xaeab ,34.645115
0x95d ,22.228098
0xeb7 ,14.40658
0xd8b1 ,26.412924
0xbdd1 ,25.865326
0x5974 ,15.380513
0xc15d ,31.305601
0xc607 ,20.823374
0xc5cd ,23.590405
0xac33 ,29.71305
0x24ea ,23.064835
0xcfe1 ,21.857204
0x5923 ,17.479328
0xd56e ,14.632374
0x9d79 ,17.348373
0xa6ae ,39.654064
0x592d ,21.149849
0x1072 ,16.89067
0x1bd9 ,18.705006
0x9145 ,33.11454
0x79fc ,14.864976
0x8542 ,18.115435
0x6c4a ,22.933893
0xd7b2 ,25.872732
0x3413 ,37.26425
0x346d ,17.683592
0x76bc ,26.938238
0x5c0d ,25.952475
0x3e4c ,30.088243
0x7f51 ,15.254203
0x919d ,18.90692
0xa8ca ,26.24715
0x3275 ,13.556596
0x8839 ,13.2094345
0xacdf ,29.301985
0x13ce ,16.646498
0x23e4 ,22.76649
0x3c56 ,36.3068
0xdfdf ,25.45008
0x5169 ,24.52615
0xc4e2 ,37.25279
0xe107 ,29.588112
0x1a88 ,29.19121
0xdc7b ,23.26685
0x5f09 ,18.007708
0xdd82 ,26.530436
0xdd1b ,17.282833
0xd4be ,27.71633
0x2231 ,14.282425
0x4675 ,18.853216
0x3600 ,17.304697
0x7796 ,37.641937
0xbe2e ,21.446074
0x297a ,26.152561
0x435b ,23.65538
0x5613 ,26.259356
0x7210 ,41.54692
0x6e18 ,28.374592
0x1119 ,33.36464
0xccdb ,34.769512
0x49ce ,24.219912
0x2d02 ,21.057486
0x4aab ,19.029137
0x4f61 ,21.947199
0xcbd4 ,25.379995
0x96c8 ,17.555567
0x550f ,19.551035
0x7b52 ,29.081196
0xb36e ,15.484648
0x700b ,23.520786
0x76b0 ,29.659645
0xabf9 ,38.02684
0x9274 ,21.151842
0x4a6e ,21.495888
0x17a0 ,29.500193
0x2137 ,45.895927
0x9f3e ,21.825344
0x5abe ,15.5872755
0x7238 ,23.969866
0xcff2 ,27.49741
0x1793 ,23.984901
0xa2d4 ,28.344889
0x177d ,32.059635
0x39d0 ,17.241684
0x2d91 ,16.51574
0x74ae ,37.055016
0x3940 ,11.22934
0x7219 ,18.858616
0xca5d ,29.826488
0x8a18 ,28.224977
0x7e63 ,25.843687
0xd5ad ,31.346746
0x4e75 ,23.992138
0xb7ee ,17.556435
0xdb2b ,45.080555
0x778b ,23.40826
0xa7f0 ,15.395468
0xad86 ,14.037613
0xddc7 ,16.585442
0x52a3 ,21.701853
0x6a33 ,15.126114
0x7302 ,31.433157
0xbe97 ,15.308273
0xda79 ,22.05321
0x1f58 ,19.402096
0xe1e2 ,14.335329
0x7bf2 ,14.752234
0xa340 ,22.74149
0xbdf5 ,26.05624
0xa25f ,30.492535
0xaaeb ,25.95061
0x2716 ,25.086758
0xc135 ,22.166452
0x160f ,35.053795
0x91e ,26.61565
0x7b76 ,43.025146
0xb34b ,24.28637
0xdc8c ,50.45291
0x7edf ,17.673868
0x42cc ,21.561745
0x753c ,17.544266
0xa124 ,21.314243
0x1853 ,34.196632
0x2413 ,22.800135
0x3d73 ,35.721535
0xd76e ,41.04283
0x800 ,21.014282
0xbf58 ,33.434532
0xbce1 ,18.449793
0x9ab8 ,39.548637
0x2e8d ,13.482109
0x5766 ,21.48391
0xb786 ,26.016584
0x3f81 ,28.479256
0x3478 ,15.135365
0x83dd ,27.862167
0xd1f9 ,23.289377
0xa2b9 ,36.735706
0x9cfd ,19.427523
0xc037 ,25.217953
0x887 ,27.687578
0x1c93 ,22.777302
0x2774 ,23.248972
0xdbc1 ,29.71451
0x414c ,24.430061
0xd1a ,16.745396
0x214c ,24.067024
0x8f8d ,21.978794
0x295e ,27.978546
0x7f7c ,22.337687
0x1acc ,31.755749
0xa51c ,15.707231
0x3bd1 ,13.855986
0x51f4 ,15.294983
0xac91 ,35.149464
0x55fb ,28.25025
0xc9d8 ,41.74391
0xdf47 ,40.12988
0xc336 ,21.200998
0x729 ,23.660423
0x59ed ,36.8411
0x96ac ,21.204954
0xd531 ,27.516312
0xcc70 ,32.598057
0xc8c5 ,31.226028
0x9db2 ,25.541769
0x5cfa ,15.970338
0x9472 ,24.81195
0x5f2e ,39.61913
0x7de3 ,16.492226
0xa8f ,23.970728
0x3adb ,16.642288
0xb6da ,14.003797
0x999d ,12.981383
0x6394 ,16.01638
0xcb1a ,21.352491
0xd94b ,15.774421
0xce6f ,22.044477
0x4cd7 ,21.876446
0x55fe ,39.37615
0xadea ,19.708319
0x92ad ,29.125051
0xb747 ,16.832144
0x3151 ,27.276785
0xde5e ,21.76583
0x6fec ,17.19698
0x152c ,16.118502
0xc98e ,35.64212
0x317e ,27.227564
0x9fe0 ,33.73807
0x7641 ,14.937688
0x1028 ,43.183773
0xa519 ,16.94986
0x3e1e ,45.77235
0xde6d ,38.976196
0xb7d ,17.362583
0xd58f ,45.705273
0x53a2 ,18.842163
0x2f23 ,45.6219
0xcd69 ,39.9533
0xe079 ,19.745752
0xced1 ,17.58208
0xdee3 ,26.037983
0x8fb3 ,12.566774
0x8e01 ,20.481426
0x570c ,18.592457
0x9d38 ,33.251453
0xa8fa ,21.983866
0x2cb5 ,36.681423
0x31b9 ,22.95658
0x75cb ,35.83498
0x9b32 ,24.238255
0x1d86 ,25.230782
0x809f ,15.0860195
0xb230 ,21.82425
0xa3be ,41.177975
0x2008 ,23.208807
0x450a ,23.911701
0x25c1 ,36.78937
0x89ed ,26.351208
0x55ce ,22.971428
0xc449 ,23.761433
0xc512 ,48.142075
0x844c ,29.303833
0x94a9 ,47.148026
0xb8a ,35.420288
0x4e09 ,14.902337
0xab2 ,27.110382
0xd1c4 ,29.499022
0x5754 ,34.957478
0x50ee ,17.887936
0x58ec ,17.972937
0xb08 ,19.07241
0xd24d ,34.589985
0x7eb9 ,31.032629
0xbd0e ,35.44036
0x594d ,20.621727
0x5f1b ,42.672527
0xc064 ,18.34179
0x8a31 ,36.197678
0x5864 ,18.853563
0xa90c ,14.878301
0x7a0b ,36.652195
0x7ed0 ,18.35107
0x729a ,32.997425
0xa92d ,21.90034
0xa701 ,17.303808
0x54ef ,25.812841
0xdae5 ,21.63943
0x1fc6 ,15.4766655
0x3817 ,17.302736
0x2d37 ,20.758554
0x8f72 ,26.14192
0x7815 ,19.834503
0xc8a8 ,18.68405
0x6327 ,35.66941
0xabd4 ,37.416176
0x110e ,19.112886
0x1073 ,27.219479
0xb186 ,24.751423
0x5438 ,18.892332
0x3021 ,33.204247
0x187c ,35.082478
0x9dab ,20.849066
0xda5c ,21.897085
0xcc43 ,15.41299
0x8c88 ,17.446596
0xce8f ,23.493877
0x8d94 ,43.780514
0x80d ,47.944576
0x52d6 ,27.806147
0xa5ab ,43.197662
0x8a39 ,20.894455
0xaeec ,24.93294
0xa78 ,21.116463
0x8871 ,16.365904
0xa15f ,48.727818
0x8508 ,20.986177
0x1d9f ,37.06335
0xe03e ,21.598473
0x15f6 ,20.925297
0x6bd8 ,36.639526
0x9831 ,17.30481
0x810f ,24.934143
0x7b1a ,31.914778
0xc4e0 ,37.34429
0xb3bc ,34.9186
0xe023 ,40.654102
0x92a6 ,16.339905
0x6917 ,21.749027
0xa357 ,32.91072
0xb216 ,24.7043
0xc7fc ,20.187794
0x437a ,24.379152
0xa7cc ,27.698023
0xddf3 ,20.749615
0x1e4f ,32.685226
0x6cf5 ,16.55504
0xa6a7 ,17.385387
0xa197 ,34.013996
0x761b ,34.731415
0x9410 ,32.051704
0x893f ,24.302488
0x63d6 ,33.204277
0x8da9 ,28.078064
0xa924 ,21.225292
0x603f ,15.926822
0xeb2 ,26.864016
0x4249 ,41.39781
0x292a ,34.71181
0xcf43 ,29.14284
0xd4c1 ,18.525454
0xb3c9 ,23.460726
0x1315 ,18.821398
0x78e0 ,23.717756
0x431c ,24.353912
0x816d ,38.614
0x4169 ,34.12257
0xc49a ,39.165405
0x76bd ,25.241436
0x85b5 ,19.112137
0x60be ,19.70289
0xfd5 ,28.99265
0x8da4 ,36.07659
0x23c9 ,18.014309
0x16be ,31.905066
0xb600 ,23.86537
0x5b35 ,25.584543
0x7010 ,16.485037
0x21e8 ,14.520304
0x73a7 ,35.238678
0x8010 ,39.264305
0x5303 ,30.680868
0xb4cd ,14.303114
0x6350 ,25.501034
0x87dc ,41.50977
0x8c4e ,34.527664
0x429b ,16.648884
0x8bac ,20.706131
0xd10 ,16.054474
0xc9fc ,22.635456
0x3a1c ,26.04365
0xa214 ,21.615715
0xc370 ,18.08792
0x7b4f ,23.438524
0x24ee ,22.536507
0x9134 ,35.575096
0xc85e ,19.63906
0x16b5 ,26.55869
0x3c23 ,36.58419
0x7dc6 ,17.873089
0x18fc ,22.338331
0x1a4d ,24.375195
0xc03d ,34.028717
0xa0df ,17.273184
0x2dee ,34.160545
0xb6d8 ,21.394058
0xc132 ,30.078373
0xa370 ,21.619669
0xd478 ,21.524698
0xafb8 ,22.774733
0x1e05 ,19.690033
0xcb2c ,15.252412
0x25c4 ,26.011305
0xa98b ,19.384481
0x7d0f ,41.662086
0x111e ,23.190735
0x7932 ,15.416272
0xaa3c ,25.324291
0xa1bf ,22.162695
0x92aa ,12.923845
0x328d ,23.676981
0x8e93 ,29.154089
0xc564 ,24.429853
0x9ba5 ,27.0767
0x1b99 ,39.12573
0x25fb ,15.319551
0xbe77 ,15.507106
0xd0ab ,27.395456
0x82fe ,28.829512
0x9c35 ,17.82333
0xa915 ,15.676867
0x62d ,21.895191
0x357b ,26.966484
0x53d9 ,27.503798
0x566e ,25.725792
0xd62c ,40.792473
0x334a ,27.301357
0x364c ,37.746243
0x51ba ,24.672787
0xb5dd ,13.692814
0xc71 ,30.370874
0xa3f8 ,28.360373
0x63ee ,21.36669
0x55f3 ,46.250072
0x5606 ,42.44719
0x682c ,37.225887
0x97e9 ,20.65688
0x5346 ,23.993605
0x859b ,41.583973
0x17b7 ,21.593185
0x1802 ,41.069756
0x624f ,26.664526
0xcedd ,22.727793
0x58c4 ,37.248543
0xd5f7 ,19.636356
0xc482 ,23.594185
0xb70 ,29.934155
0x27de ,20.765867
0x73ca ,29.018526
0xacc9 ,17.26267
0xafa9 ,28.844774
0x830d ,28.618265
0xc106 ,22.650759
0x2754 ,39.089806
0x5e8b ,24.15459
0x22d8 ,22.566967
0x85c9 ,20.906767
0xc455 ,24.372679
0x4459 ,28.898594
0x4ab6 ,23.367722
0x5b4 ,30.087349
0x9340 ,25.717306
0xd276 ,19.08008
0x94df ,13.535346
0x58dd ,15.202147
0x4e32 ,21.55862
0x2202 ,21.639462
0x56de ,16.420013
0x1a79 ,27.349493
0xab5 ,19.131271
0x9014 ,17.44854
0x83d5 ,19.536804
0x8ed6 ,24.467478
0xd09d ,22.159222
0x89df ,16.708912
0x23d3 ,26.513332
0xbeeb ,24.106558
0x1dec ,22.063513
0x9089 ,26.1017
0xa3a9 ,18.241858
0x412e ,19.563612
0x31ea ,18.484444
0x9bf8 ,16.905539
0x9b9d ,37.662304
0x3355 ,29.867424
0x6a57 ,29.593452
0xd3d3 ,24.338871
0x430a ,31.839287
0xde08 ,17.587864
0x5361 ,28.371178
0x58f4 ,34.29592
0x966e ,33.9465
0x4052 ,24.108635
0x4773 ,17.918219
0x6632 ,38.02642
0x27cd ,30.017572
0x4d3f ,23.011862
0x7d4f ,19.314875
0xbd20 ,39.26352
0x3869 ,32.028996
0x9ee5 ,21.452175
0xc588 ,18.903845
0x6f1a ,31.480947
0x55cd ,30.287537
0x8d9b ,29.601593
0x6364 ,17.775318
0xc290 ,45.823833
0x2d5d ,25.897896
0x1e43 ,23.243359
0x973c ,46.680367
0xb470 ,24.23834
0x2f10 ,21.956955
0xa74d ,26.074696
0x9984 ,27.895594
0x6e4d ,25.994373
0x2450 ,18.547241
0xe180 ,25.094667
0x5e25 ,15.654154
0xac9c ,36.710487
0xb7da ,17.390171
0x5196 ,36.250362
0xbafa ,41.912888
0x8a02 ,24.065199
0x2cf2 ,36.49483
0x6e13 ,19.694712
0xd412 ,21.622837
0x4ad7 ,41.281376
0xc5d ,28.839512
0x273c ,21.243662
0x3e40 ,21.517986
0x7c8a ,36.99637
0x9b5a ,29.8148
0x86e6 ,24.148369
0x7bc5 ,21.688923
0x460d ,21.300169
0x86ca ,27.60185
0xdc7a ,22.882751
0x8e2 ,32.2005
0x1dea ,21.123724
0x9305 ,22.137886
0xc0a7 ,21.765789
0x7655 ,21.375196
0x5f13 ,34.77716
0xbd9a ,21.391111
0x6ce5 ,15.089129
0x3b3b ,47.006287
0x6ad2 ,41.59807
0x8f6c ,32.92268
0x8b2 ,22.374475
0xc8d ,16.372358
0x5a66 ,34.987904
0x1a62 ,41.63094
0x5313 ,18.094118
0x661c ,20.192898
0xd4af ,18.986973
0x8de2 ,16.15157
0x5f1a ,26.572783
0xbef ,16.41985
0x9abc ,23.86115
0x4b95 ,17.056816
0xd8b9 ,24.197666
0xbfc7 ,23.407286
0x9421 ,21.512754
0xcc17 ,25.454277
0xbf73 ,35.64298
0x3564 ,21.529467
0xc83d ,34.98232
0xd1b0 ,27.80895
0xd3d4 ,18.208632
0xbf0d ,20.690115
0x9e24 ,28.595385
0x1091 ,17.34999
0x42fb ,15.734481
0x1549 ,26.458519
0x6789 ,32.825714
0x8eda ,20.992208
0x37f8 ,34.588585
0xb389 ,22.516426
0xcd75 ,27.592487
0x8da3 ,37.742363
0x532 ,27.906225
0xd7cd ,18.32834
0x67d0 ,40.689922
0x6d9f ,21.874964
0x94a2 ,20.909523
0x47e ,24.925644
0x6d5c ,28.47091
0x29bf ,33.73694
0x7582 ,33.134453
0x2849 ,34.9
0xc3d5 ,27.340729
0xc05d ,21.402817
0x81bc ,29.933609
0x2fbc ,15.627894
0x2c17 ,33.961956
0x432c ,27.72381
0x6d2c ,27.128914
0x4fa9 ,24.091684
0x4f2f ,37.871227
0x1cff ,20.176113
0xbf94 ,35.25035
0x10a0 ,36.538143
0x34b7 ,24.333658
0xceb3 ,37.24455
0x1ca1 ,24.687418
0xe028 ,29.955887
0xdaf3 ,44.674427
0xd9f6 ,25.769197
0xd7ee ,28.961895
0xaa24 ,18.771017
0x2aea ,36.05003
0x8156 ,24.384375
0xaa96 ,22.981491
0x4073 ,34.405827
0xa4a5 ,19.667397
0x36bd ,42.0677
0x179d ,23.529314
0xdd66 ,37.343914
0xdcb ,40.43453
0x417e ,19.713747
0x88ab ,33.69316
0x5dee ,41.978073
0x544e ,39.000263
0x9c71 ,29.421339
0x5d0b ,28.84836
0xdc66 ,22.925007
0x6b0b ,20.150702
0xae3a ,18.983995
0x3a40 ,24.53606
0x5d55 ,22.54984
0xa5c1 ,20.124207
0x65c0 ,30.01509
0x1a69 ,24.229218
0xcd5c ,29.208145
0x205c ,26.357254
0xd60f ,37.22189
0x368c ,36.66808
0xb0d9 ,27.330708
0x7d39 ,25.176258
0x9922 ,24.647821
0x5044 ,21.479624
0x6869 ,19.079695
0xe50 ,42.898598
0x5d00 ,14.606323
0xc50d ,12.883297
0xc090 ,34.724392
0x38a1 ,39.634182
0x4085 ,22.199223
0x6536 ,26.701256
0x4088 ,26.013205
0x6232 ,17.433207
0xd327 ,29.076786
0x34ef ,22.023306
0xb59c ,30.232943
0x3f9e ,26.980337
0xc0a5 ,33.13956
0x3dc4 ,18.723707
0xb8fa ,35.049885
0xd22b ,18.72393
0x7eec ,17.292885
0x531b ,28.506763
0x4822 ,22.731369
0x2b42 ,15.684957
0xc2f8 ,26.086918
0x132a ,22.715591
0x2dde ,26.202206
0xe1d3 ,21.836262
0x141a ,24.566263
0x2928 ,22.633343
0x8707 ,41.86248
0xa9b9 ,23.041012
0x9a3e ,18.508886
0x2238 ,29.36459
0x7926 ,13.39474
0x60c7 ,24.987085
0xa764 ,22.684618
0xa82e ,40.306087
0x7845 ,37.553528
0xc9c4 ,23.401709
0xc9d ,35.11848
0x849e ,15.434107
0x52d0 ,27.736261
0x4d54 ,15.753396
0x3c87 ,41.686012
0x9647 ,31.426079
0x111a ,26.520027
0x8645 ,22.125744
0xb0be ,20.464931
0xe268 ,21.793928
0x8e26 ,34.846703
0x3d23 ,27.960344
0xe0d1 ,22.494328
0x772d ,41.956085
0xb80d ,26.817804
0x40cb ,22.452438
0x9796 ,35.329304
0xd386 ,41.904816
0x8fe1 ,24.88074
0x447a ,15.956088
0x2b38 ,29.71809
0xc65d ,27.847353
0xaede ,36.54501
0xdaaa ,39.74314
0x65d6 ,24.598846
0xd035 ,30.099632
0xf0e ,31.320747
0x5ed9 ,29.889738
0xd35a ,21.330353
0x98d3 ,34.215855
0xbf90 ,25.331245
0x8925 ,24.265636
0x6fde ,21.499279
0x9267 ,21.542908
0xcbe8 ,23.329426
0xadcf ,15.261722
0x1fc4 ,24.943766
0x1a5c ,20.948647
0x486d ,27.346756
0x38eb ,19.28643
0x2ab4 ,23.09678
0xd6c ,27.728733
0x3354 ,36.49414
0x105a ,17.849781
0x6907 ,20.209436
0x468 ,28.500612
0x12fe ,29.581509
0x4ab9 ,21.50691
0x579d ,49.222034
0x12e4 ,23.81235
0x84e1 ,29.30201
0x997d ,19.396955
0x2987 ,36.35568
0xc28c ,16.451878
0xdbd ,17.550926
0x414a ,13.543961
0x7e31 ,24.28231
0x8d7a ,26.63246
0x4099 ,35.193386
0x18a2 ,21.64292
0x18df ,25.030954
0x6a1e ,29.41576
0x1036 ,26.871187
0x769d ,39.49349
0x1a2d ,36.15659
0xa7af ,27.049778
0x7475 ,19.843405
0x77a6 ,21.565245
0x6bc6 ,26.158787
0xc37c ,15.907149
0xcc12 ,24.803885
0xc349 ,21.386778
0x5d71 ,25.830566
0x8ea ,22.238781
0x91dd ,25.469612
0x473d ,13.680948
0x89ff ,29.038828
0x411 ,24.699965
0xaa9d ,16.597067
0x76dc ,27.486921
0x17c7 ,17.539104
0x689c ,23.67387
0x7409 ,16.268723
0x5d0a ,34.867893
0x3ffe ,40.328384
0xbde5 ,27.606943
0x7d9d ,13.823114
0x9f68 ,35.390316
0x1b9b ,40.223488
0xbe9b ,43.128784
0xdb76 ,34.22199
0xa1cf ,21.013517
0x653b ,28.592901
0x1c19 ,38.951122
0xb84f ,29.23481
0xc645 ,17.88297
0x339e ,15.301682
0x7e2e ,26.052862
0x3008 ,37.841885
0x8813 ,27.884836
0xae9e ,19.122974
0x3e1a ,19.914515
0x198d ,17.984566
0x47c9 ,19.47414
0x91d2 ,22.328125
0xb3a2 ,37.851315
0x83e3 ,34.118546
0x68ce ,18.266829
0x87d6 ,37.057217
0x2dd4 ,21.177048
0x4a44 ,31.244377
0x5673 ,28.185434
0x9248 ,22.308619
0x7d47 ,21.081575
0x9675 ,13.020981
0x44b0 ,43.161232
0x3cad ,28.066393
0x84ea ,35.406364
0x7565 ,25.01686
0x390a ,28.057693
0x1a10 ,46.589817
0x4ab7 ,28.188366
0x3577 ,22.440632
0x1d7e ,27.202387
0x2988 ,19.597042
0x10bc ,35.830044
0xd15b ,37.630714
0x1f90 ,22.873407
0xa9d0 ,27.82771
0x7470 ,23.723925
0x2ea9 ,29.170876
0x1c94 ,22.063477
0x7f7b ,16.087103
0xc2a4 ,26.603773
0x1016 ,24.758665
0x63e4 ,28.059868
0x1848 ,23.141695
0x3550 ,25.541819
0x78a5 ,19.478514
0xa5d7 ,29.673626
0x2b51 ,26.603195
0xad8f ,20.223675
0x3d55 ,15.271973
0x8f20 ,27.07699
0xc7c5 ,15.149123
0x6074 ,33.08662
0x8881 ,15.210474
0x118e ,36.902615
0xb02 ,34.044342
0xc4c4 ,20.17313
0x13f4 ,41.800045
0x9034 ,25.769733
0x2381 ,32.709362
0xd508 ,15.725702
0x7445 ,13.991873
0xac67 ,17.504976
0xc354 ,25.428608
0x7d8f ,18.84872
0xe262 ,16.501259
0x5fc8 ,35.354424
0x6553 ,26.459509
0x752 ,40.441425
0x1d67 ,37.789505
0xaeb5 ,29.227648
0xaed5 ,26.21508
0xd127 ,21.115976
0x6d4 ,35.01267
0x684b ,35.358223
0x278e ,25.807074
0x9019 ,17.654312
0x2be8 ,20.659298
0xbfaf ,24.4741
0x2091 ,38.366295
0x6dba ,23.569744
0xc504 ,29.16557
0x2e83 ,37.34499
0xc7ca ,17.868616
0x4b2f ,34.777863
0x2cac ,25.384516
0xbcb8 ,15.305891
0xacb9 ,34.18519
0x118f ,9.570869
0xbf1d ,16.54335
0x53ee ,26.770815
0xb5f9 ,24.324703
0xa4c1 ,16.825531
0x8e14 ,17.188314
0x2a5a ,39.62923
0x1d76 ,25.12697
0x3e58 ,35.25371
0xcefb ,50.200706
0x922b ,34.80492
0x5f79 ,22.869347
0xb362 ,16.04186
0x7a4b ,25.135386
0x59b5 ,13.576034
0x5455 ,28.765327
0x90a7 ,16.888752
0xcb26 ,40.652107
0xe14b ,24.629118
0xc4d5 ,38.639507
0xb4c2 ,16.288689
0x8428 ,16.244835
0xe0b0 ,26.441486
0x7979 ,17.156078
0x49f0 ,29.90299
0x8017 ,47.978077
0x1e28 ,38.669914
0xb87f ,17.200111
0xcdb5 ,20.64685
0x6207 ,29.017729
0x3005 ,24.674036
0xca94 ,27.748312
0x33cd ,26.547838
0x7efb ,15.504574
0x1014 ,29.200861
0xcf12 ,25.574316
0xde9 ,18.103064
0x158e ,18.81671
0x97eb ,37.476204
0x247d ,22.770624
0xc29e ,42.17125
0x88c5 ,26.537495
0xaa5d ,28.40546
0x826d ,28.327274
0xbe81 ,19.801891
0x1d49 ,34.48215
0x30c4 ,25.909586
0x8ecb ,20.170105
0x1fba ,22.128887
0x6752 ,17.461866
0x197d ,40.644848
0x5e6e ,17.541975
0x112c ,37.75641
0x4f9c ,26.324999
0xcecc ,19.279915
0x969f ,26.048605
0x71f0 ,28.118952
0xaa46 ,39.90052
0x8fde ,22.397228
0xd25f ,41.00148
0x75a8 ,22.614529
0x7c2d ,22.163834
0x9085 ,22.833439
0x8049 ,42.422527
0xc74a ,25.459866
0xba2d ,26.376583
0x2c0c ,23.382805
0x4f2e ,21.528124
0x5eaf ,24.298569
0x895c ,31.60263
0xb44d ,22.957596
0xd6eb ,22.601728
0xc21e ,29.30497
0xae63 ,31.459904
0x9974 ,20.937683
0xd1bc ,17.241768
0xa59f ,16.287352
0xa78a ,19.669476
0x640f ,30.126314
0x6df4 ,24.890007
0x2848 ,29.646765
0x2dd6 ,39.52053
0x3c76 ,23.620323
0x1499 ,28.634186
0x4d7a ,21.75543
0x2fe0 ,20.778204
0xab7d ,23.02031
0xdc1c ,28.702738
0x391f ,17.85878
0x2cd4 ,24.501184
0xcbde ,15.967396
0x66c6 ,20.868137
0xa0a0 ,15.6124935
0x6a17 ,13.409074
0x2905 ,18.49274
0xa49f ,22.32027
0xe22e ,16.198286
0x817d ,20.917381
0xac83 ,17.52327
0x714f ,24.266764
0x6d13 ,15.274846
0x725 ,21.888557
0xa6f8 ,37.3503
0x7fb9 ,36.506893
0x251c ,21.481447
0x5b81 ,35.35932
0x2019 ,37.506664
0x1980 ,36.53502
0xabdf ,18.61442
0x5bc8 ,33.619442
0x9efd ,18.173605
0x6fd5 ,40.87407
0x5c7 ,35.58079
0x2692 ,23.678333
0x96e1 ,42.61689
0xdd8f ,34.931656
0xad75 ,34.998978
0x88a8 ,23.136347
0x80b4 ,33.727325
0x6325 ,33.63565
0xa145 ,24.404963
0xab92 ,37.165787
0xecf ,28.939825
0x254a ,21.462015
0x8c8a ,21.738766
0x2555 ,20.783436
0xc6c3 ,21.758898
0x791f ,40.28016
0x1f77 ,21.798979
0xdf57 ,26.584536
0x6e9f ,26.411894
0x2c9d ,16.527544
0xdcb4 ,23.94096
0xdc7 ,29.339426
0x9de2 ,31.23838
0x4e44 ,21.304594
0x1f2a ,48.305817
0x33c4 ,26.03755
0x5581 ,35.26473
0xc6cb ,28.07674
0x23da ,28.507833
0x759a ,15.367271
0x6165 ,25.918903
0x46c3 ,29.889685
0x6ea2 ,17.19462
0x5a6a ,35.25224
0x2835 ,37.019684
0x4baa ,18.646233
0x6900 ,17.297583
0x8675 ,20.625654
0xdbc6 ,40.863537
0xc32c ,25.04285
0xd727 ,15.43571
0x3ed1 ,35.098965
0xaf85 ,34.60182
0x4dcd ,22.346218
0x55e2 ,29.627499
0x2635 ,13.6061325
0x993b ,17.666578
0xb2f ,37.11435
0xae99 ,29.43741
0xd38e ,15.476943
0x8802 ,22.983562
0x29e8 ,15.546063
0x8bf6 ,25.950802
0x3649 ,27.284498
0x1c4e ,29.890251
0x3df2 ,21.817934
0xd287 ,22.697535
0x3f56 ,13.056058
0xa2a ,23.076248
0xd7fc ,18.123793
0xa028 ,29.420446
0xbce7 ,34.653416
0x438a ,25.771666
0xbdc2 ,37.075077
0x7f6a ,24.791046
0x83bc ,23.484138
0xd6b8 ,30.076962
0x4cf2 ,28.350561
0xcd22 ,24.286724
0xa509 ,24.99758
0xd662 ,16.138597
0x4fc3 ,18.675432
0x2196 ,23.50842
0xa199 ,40.729977
0x79de ,27.130756
0xfa7 ,15.926056
0x7f8c ,24.873909
0x1146 ,29.096794
0x97f0 ,23.29685
0x168f ,36.24993
0x679c ,42.175205
0x9c98 ,38.176003
0xc958 ,13.070837
0xbb08 ,41.877644
0x5371 ,28.650854
0x4e2 ,26.886877
0x12b1 ,18.95138
0xc949 ,24.958918
0xed1 ,22.843443
0xc1d3 ,24.448614
0xa749 ,22.331394
0xcd33 ,27.471647
0x9b6f ,40.15311
0x70e4 ,35.287098
0x97e4 ,29.828543
0x72bd ,45.310577
0x83e8 ,26.450247
0xcede ,24.045193
0x8758 ,21.132172
0x4b5f ,19.454615
0x431b ,21.374134
0x7628 ,15.376641
0x32cd ,26.828049
0x4d9f ,52.79401
0x2dcf ,31.49915
0xa58e ,16.08155
0x5b0a ,16.39147
0xa04e ,26.937181
0xa821 ,19.040844
0xb5f8 ,26.161362
0x53d ,28.487343
0xdc12 ,32.285946
0x6308 ,23.749043
0x34d2 ,36.974754
0x4118 ,22.827354
0x9d70 ,28.149092
0xccd6 ,34.823242
0x789c ,17.485699
0x73d5 ,39.994663
0x7ed2 ,25.90057
0xde5c ,25.651684
0x58fb ,19.827251
0x8104 ,22.119564
0x1aac ,48.371887
0x2e7d ,22.930016
0x65e7 ,19.118288
0x137a ,24.799147
0x89e2 ,36.628574
0xb193 ,21.160818
0x2802 ,21.645903
0x2f21 ,32.98157
0x8602 ,41.537674
0xe0ee ,17.786476
0xc4c1 ,19.139273
0x677 ,24.426151
0x6cd0 ,18.390076
0x34ca ,33.64439
0x38f1 ,23.694653
0x90fd ,17.921022
0xd887 ,38.069923
0x616d ,29.418901
0xa933 ,22.539528
0x24ec ,35.922512
0x25f6 ,47.445965
0xa011 ,25.053062
0x8f5d ,35.298748
0xd33a ,27.260773
0xad98 ,17.191568
0x4e6f ,17.41796
0x266c ,38.394836
0x6cb6 ,36.974323
0x37f1 ,13.457656
0x3423 ,19.52425
0x9fd2 ,17.14567
0x76f3 ,25.48344
0x34d0 ,19.042698
0xd11e ,17.779835
0x6d3b ,37.791157
0x2486 ,26.572815
0x69cd ,18.497673
0x96f7 ,29.456486
0x4a6d ,22.282448
0x151f ,29.653107
0x7f89 ,35.890182
0x4139 ,22.997578
0x5af1 ,30.386541
0x53f8 ,18.517632
0x965c ,18.403162
0x8334 ,22.833517
0x1cb3 ,20.231531
0x3ce0 ,29.242996
0x95a5 ,24.052732
0xa23a ,47.12059
0xb337 ,22.09671
0x3d30 ,28.126078
0xc2c ,17.072826
0x8c07 ,16.620409
0x9d50 ,32.179295
0x18e9 ,45.878834
0xb2a0 ,19.263163
0x5c35 ,21.58683
0xd02 ,21.085241
0xd272 ,43.89713
0x868e ,45.71765
0x4c22 ,23.78645
0x436d ,49.274914
0x147e ,21.8624
0x24b2 ,36.723297
0x7dc8 ,41.960873
0x4800 ,33.801426
0xb983 ,29.087528
0x1b4e ,44.313587
0x6d1e ,49.36061
0x4f22 ,32.169777
0x8c45 ,38.387314
0xa5ed ,30.041164
0x580a ,39.412476
0x1555 ,29.918425
0xaa2e ,25.100037
0xb58c ,14.576288
0x736e ,26.123663
0x5325 ,42.040085
0x31ff ,30.07253
0x39e0 ,24.298986
0x2bc6 ,32.461506
0x44c4 ,15.41564
0x60d0 ,28.139332
0x814e ,16.447285
0x97e ,10.846411
0x36a9 ,14.926265
0x9834 ,25.344316
0x4f7d ,18.561762
0xb405 ,36.314274
0xaa1e ,44.69564
0x4a42 ,22.926664
0xe070 ,23.04809
0x2eaf ,18.419127
0x88e6 ,38.245205
0x717f ,17.425615
0xaa90 ,23.27926
0xb9a9 ,39.476067
0x27ba ,48.187542
0x20e6 ,23.768484
0x6ec7 ,21.320868
0xd632 ,17.157335
0x9ddb ,28.221283
0x1a3b ,27.705751
0x8089 ,35.32012
0xdcf0 ,12.895928
0x9cdb ,16.450745
0xb825 ,27.77787
0x9ae8 ,21.677816
0x6437 ,23.758907
0x9f78 ,24.98708
0xda10 ,16.158417
0x980d ,31.055956
0x97a ,35.188507
0x882e ,26.543034
0x78de ,20.909235
0x8b5d ,24.54299
0x2fa0 ,24.05104
0x83cb ,17.565453
0x253a ,37.083076
0x4633 ,45.86441
0xa885 ,21.628191
0x7b02 ,49.141422
0x89f4 ,19.818039
0x38a8 ,21.766918
0x4b5e ,21.742695
0xaf9e ,34.60252
0xc0c ,27.779646
0x90ca ,23.432663
0x7aec ,18.052471
0x3a36 ,31.765524
0x6f4d ,26.280592
0x3d39 ,23.830084
0x3978 ,32.737473
0x643b ,19.221176
0x577 ,24.645226
0xcf81 ,24.832697
0xc8de ,17.177124
0x469a ,22.975288
0xc9db ,15.630481
0xcfa0 ,23.01788
0x5b55 ,18.452694
0x3403 ,17.793781
0xd19c ,27.035131
0x7779 ,32.842113
0x5608 ,23.727127
0x9856 ,32.882595
0xd4f0 ,18.70674
0x3293 ,42.459316
0x84c0 ,28.70056
0x87db ,22.483536
0x5535 ,22.784245
0x4d1b ,27.89365
0x92e2 ,32.009224
0x26b3 ,50.04149
0xb47a ,21.011927
0x2a2e ,28.333574
0xce9 ,27.677204
0x78f7 ,38.938484
0x48d1 ,21.511448
0x34a0 ,35.9606
0xd6a ,42.484222
0xd075 ,13.916413
0x739a ,30.309593
0xb488 ,37.95418
0xc86c ,24.28523
0x60da ,19.127438
0x6794 ,24.31478
0x9171 ,44.20096
0x90b9 ,19.53709
0x360e ,21.484917
0xcc73 ,15.622618
0x5db4 ,19.121092
0x2f76 ,18.584608
0xca5a ,34.74961
0x1520 ,18.998829
0x22bd ,16.413557
0xc4ab ,36.794697
0x9ab9 ,29.229002
0xc2af ,21.419685
0xda61 ,38.33713
0x92fc ,35.133358
0xc99 ,16.952944
0x7df7 ,34.90693
0x38cc ,23.117662
0xca70 ,22.006464
0xd948 ,27.376438
0x872 ,20.70817
0x295c ,28.727676
0x5e5e ,23.34113
0x2d4b ,17.84106
0x58b9 ,23.260319
0x8712 ,31.53233
0xdddc ,22.832863
0x4346 ,20.583527
0x6344 ,40.52796
0x50ca ,24.594736
0x6cc0 ,28.41427
0x351d ,16.752516
0x98b ,25.995094
0x4cb1 ,27.876253
0xd8ff ,18.622189
0x9191 ,37.903255
0x780 ,29.49902
0xa055 ,15.122098
0x950c ,41.971222
0xc3f0 ,31.848392
0x5ad1 ,23.7997
0x411f ,17.96739
0xb4b4 ,22.496296
0xa4fd ,16.239794
0xa482 ,20.008816
0x8ed9 ,12.732443
0xa1ca ,28.778917
0x45d8 ,17.451763
0x185b ,39.50083
0xc66 ,21.994608
0xae5e ,18.641314
0xa6f ,31.45603
0x7833 ,17.88353
0x52ea ,24.899408
0x26bf ,21.031841
0x6b9a ,38.409184
0x3df5 ,23.019241
0x76f0 ,42.407448
0x5e59 ,32.631874
0xb80c ,29.25967
0xd1c3 ,16.848146
0x9101 ,25.472855
0x987c ,37.270893
0x48e0 ,17.632576
0xb5f ,28.562277
0xd2dd ,13.014125
0xcfe0 ,18.152729
0xc5a9 ,20.712929
0x977 ,24.278572
0xc953 ,27.804903
0x9284 ,18.753914
0x106a ,20.700832
0x23bb ,20.063906
0x1c1a ,29.291124
0x1ed0 ,21.815142
0xa492 ,35.99917
0x12cd ,21.898108
0x8549 ,15.032064
0x15e5 ,37.79119
0x14be ,25.499866
0x9d1b ,25.777103
0xc36a ,28.101913
0x8732 ,17.723423
0x1593 ,31.587835
0x6916 ,26.450714
0x1f24 ,14.445913
0x5bf8 ,37.36431
0xaeca ,37.49541
0xa336 ,25.905666
0x48ff ,35.173603
0x276d ,24.6154
0x7007 ,31.33057
0x3512 ,41.95647
0x702a ,29.32425
0x5c5f ,38.622776
0x7d21 ,30.025267
0x14d2 ,44.788593
0xa07b ,22.068079
0x5ef1 ,36.549236
0x8c2f ,24.087158
0x8e4f ,24.477991
0x8df3 ,26.087326
0x705f ,26.153214
0xa985 ,39.973976
0x9e55 ,26.607857
0x7d13 ,28.505917
0xbc67 ,27.191378
0x649 ,20.754221
0x7484 ,15.451831
0x9477 ,23.693241
0x81ca ,27.172873
0x8d82 ,29.016495
0x8dad ,37.972866
0x61f7 ,22.17856
0x7d9e ,21.12398
0xcf9e ,22.35269
0xcdfd ,15.245511
0x3a55 ,13.464749
0xc1a0 ,14.330721
0xbe3a ,21.343437
0xa9d4 ,37.45633
0x9b3b ,19.599686
0xbb47 ,17.861351
0x5920 ,22.978174
0xaae1 ,26.455883
0xa9e6 ,16.68911
0xdcc ,16.926714
0xb28c ,13.595426
0x356e ,24.897326
0x90c9 ,26.464993
0xbf82 ,26.811716
0x2871 ,29.884304
0xa7f ,32.3097
0x1d48 ,35.690044
0xb86b ,34.810566
0xbd21 ,28.612026
0x2592 ,24.205713
0xd543 ,25.488678
0x568a ,17.510687
0x8a68 ,25.011131
0xd8d7 ,48.715393
0x52f9 ,26.426666
0x8f3 ,27.605385
0x672f ,28.828308
0xc7a1 ,21.799225
0x27b9 ,41.67847
0x24e1 ,16.364616
0xacc6 ,42.172302
0x8d0e ,22.039185
0xb797 ,15.189044
0xa53d ,24.67463
0x5e86 ,19.191578
0xd5bd ,28.278189
0xb014 ,20.343784
0xb2a2 ,37.238514
0x8f22 ,19.323677
0xabac ,25.481852
0x59fd ,41.191315
0x8062 ,32.642708
0x4e5b ,16.74645
0xdaa7 ,28.371206
0x3b26 ,22.734793
0x2ea5 ,18.756882
0xdb53 ,42.476162
0xae45 ,28.942326
0x7479 ,20.604841
0x3224 ,16.88783
0xd043 ,19.774317
0x6792 ,37.401867
0x5446 ,32.07153
0x6541 ,17.1664
0xdf98 ,34.96242
0xcfe6 ,35.659733
0x34f5 ,22.78688
0x56cd ,35.157307
0x1f39 ,16.061844
0xda04 ,28.770304
0x96cb ,28.284515
0x1ad8 ,27.197498
0x9c86 ,28.985592
0x8509 ,21.744219
0x5a21 ,18.911596
0x8a94 ,35.04828
0xb19b ,23.044176
0xa2c8 ,23.018923
0xdfdd ,15.906427
0x6982 ,43.30178
0x53b9 ,22.112368
0x4c77 ,40.131256
0xb7c4 ,38.594276
0xde0d ,27.79545
0x145e ,23.913773
0x8e75 ,15.266838
0x6fa5 ,45.61041
0x2469 ,23.953777
0x658d ,41.790825
0x5da9 ,13.63322
0x3c58 ,15.270214
0xa50d ,18.611986
0x7361 ,33.456707
0x2b9e ,36.61213
0x9a6f ,17.895212
0xb88b ,37.738342
0x4e8a ,16.718365
0xa439 ,47.284546
0xe93 ,28.948158
0x8150 ,27.33455
0xe3e ,25.255245
0xaad0 ,40.562828
0x6cac ,22.016586
0x7ba2 ,33.37776
0xbbd9 ,20.56946
0x5eb2 ,29.994032
0xbefa ,29.037554
0xbad5 ,17.531792
0x8500 ,31.674223
0x8489 ,30.259705
0x51bf ,15.73456
0x8dd0 ,30.30103
0xddcc ,22.97921
0xa89 ,21.43757
0xa976 ,26.431135
0x5e8 ,25.888037
0xcb5e ,22.276962
0x864a ,37.64402
0x243a ,40.803043
0xdeb1 ,23.42249
0x7ca ,20.148388
0x2448 ,16.507053
0xd2f9 ,15.57292
0xb7b5 ,16.575005
0x4782 ,20.735344
0x551c ,22.454233
0x49a8 ,25.24134
0x143d ,22.82755
0x1d00 ,28.863918
0x6c7d ,23.914375
0x455f ,29.936678
0x14a0 ,18.94004
0xd479 ,14.788492
0xcff3 ,45.783207
0xcb39 ,26.171434
0x7cae ,17.50565
0xb9c9 ,39.7612
0xd27e ,23.41804
0x3b36 ,26.79031
0x47d ,26.547071
0x58f ,27.749659
0x5dd4 ,21.037066
0x31a4 ,18.720058
0x8395 ,17.769262
0x3f47 ,40.54072
0x1f9a ,19.636808
0xb2fc ,28.104704
0x3df9 ,34.621643
0x21e0 ,24.215368
0x1198 ,15.416807
0xe0f0 ,46.071007
0x54d1 ,16.395498
0xaead ,22.06407
0x4af4 ,21.905859
0x6c20 ,38.67788
0x4ae ,23.03489
0xc5de ,14.020386
0x990 ,19.795973
0x3edd ,21.534513
0x3617 ,19.058598
0x3112 ,16.103235
0xc493 ,38.218765
0xbfc6 ,19.422499
0x5ec4 ,14.6065235
0x9d2a ,22.34964
0xd697 ,46.67275
0x41e8 ,22.188673
0xcf31 ,23.435757
0x7fce ,24.335054
0x8e72 ,23.529615
0x2d16 ,29.803272
0x386b ,13.8786745
0x4d62 ,37.98595
0x4f27 ,26.673088
0x6848 ,25.044746
0xd062 ,19.249504
0x11b1 ,22.042297
0x3350 ,26.24668
0xcc9a ,24.333668
0xa43b ,19.342329
0xd619 ,14.524821
0x9b25 ,25.988781
0x3417 ,21.85418
0x532f ,17.745169
0xa242 ,26.053371
0xc217 ,15.477818
0x54f5 ,21.624125
0x2d6e ,16.567728
0x620f ,39.499165
0x5b61 ,29.792446
0x91e4 ,22.639118
0xbf8b ,29.492346
0x2466 ,35.269817
0xb746 ,26.49069
0x8ae6 ,26.996996
0x8440 ,34.035385
0x4da ,21.25323
0x19e9 ,41.03318
0x9f83 ,37.095528
0x109d ,16.968061
0x3322 ,21.381838
0x27d2 ,41.678528
0x2cbd ,28.607538
0x6f22 ,16.387457
0x11bb ,12.270633
0x9bf3 ,18.865845
0x2eaa ,24.736708
0xe44 ,29.380173
0x4ec5 ,34.114178
0xac23 ,22.62653
0x83ab ,21.103714
0x46a6 ,17.816711
0x832a ,37.251842
0x10c2 ,28.75525
0x8efd ,17.763105
0x8918 ,17.93995
0x6f32 ,35.112034
0x18a4 ,30.461308
0xc41b ,17.350584
0x9335 ,35.31446
0x14f2 ,20.868515
0xdec5 ,19.463253
0x323f ,16.732689
0x71ca ,18.458738
0xc691 ,26.191689
0x1ef5 ,24.22259
0xd9bb ,39.806343
0x6c29 ,41.8478
0x920c ,32.352356
0x9428 ,25.142384
0x6285 ,35.348904
0x40f9 ,17.696074
0xc6b0 ,25.310762
0x1c10 ,24.056255
0x393d ,28.781937
0x9844 ,47.91782
0xdb65 ,26.947578
0x8c9b ,35.866764
0x4704 ,39.48363
0xc57e ,27.690695
0xc1c2 ,21.30321
0x30f7 ,22.79713
0x5f34 ,29.71859
0xf3c ,35.02484
0x6bd9 ,21.055012
0x8c13 ,30.11659
0x486 ,25.60946
0x6565 ,37.391876
0x5de4 ,13.229715
0x3c9d ,26.085577
0x9393 ,32.44155
0xdba4 ,23.074024
0x4ba7 ,34.046967
0x1c5e ,35.197174
0x28d3 ,30.394434
0xd96b ,21.800169
0x57bf ,42.058575
0xd489 ,21.981943
0x6866 ,24.372206
0x865a ,16.31746
0x63c6 ,19.05095
0xcd26 ,42.44393
0x4ed9 ,33.571266
0x888c ,29.757679
0xc034 ,20.06687
0x4d42 ,18.526966
0x125c ,22.80201
0x6503 ,17.033747
0xcb0c ,13.522441
0x52a ,27.741161
0x1896 ,43.173965
0xa269 ,19.368713
0xbfb8 ,21.833525
0x6100 ,40.42062
0x190b ,13.37041
0x6dc8 ,21.691776
0x7583 ,24.965927
0x935 ,28.09248
0xb9c8 ,19.410479
0x9103 ,23.709394
0x4643 ,29.350172
0xdd10 ,34.470314
0x3aaa ,22.39813
0x8398 ,11.497934
0x2638 ,40.682316
0x87f6 ,16.041544
0x91f1 ,22.797115
0x509a ,27.938026
0xbbb4 ,29.233683
0x6495 ,13.150971
0x3ca0 ,40.01438
0x6c02 ,15.226499
0x9c02 ,15.449055
0x5299 ,24.231537
0x8e55 ,29.269894
0x5a92 ,23.876278
0xa84b ,24.19904
0x7ed5 ,30.564054
0x1b2b ,14.331582
0x155d ,26.415348
0xb9d6 ,18.597631
0x1fa0 ,22.74092
0x249c ,18.165989
0x864b ,46.235962
0xb8c0 ,36.719612
0x719 ,20.194555
0x2df1 ,30.039082
0x3249 ,29.301256
0xbbab ,38.42572
0xb22 ,22.39927
0x19e1 ,36.669357
0xdc5e ,22.576876
0x807e ,13.309905
0x482f ,18.126596
0xd261 ,23.352375
0xa3b0 ,22.81625
0x41c6 ,24.922886
0xbba4 ,37.582897
0x171a ,18.298784
0xc0cf ,28.684155
0xdc18 ,38.685204
0x1ce0 ,22.774115
0x9364 ,41.304943
0xc0dd ,29.97404
0x10d1 ,17.77523
0x189a ,44.048256
0x7234 ,19.18045
0xd39 ,19.456108
0xb0b4 ,17.223938
0x22bb ,27.063353
0x1488 ,28.750336
0x7090 ,24.475948
0x97ab ,26.25503
0x1847 ,16.249195
0xb1d8 ,34.37734
0x50ef ,34.53714
0xcbbb ,33.099693
0x74d7 ,29.044233
0x4b00 ,24.64539
0x6dbb ,24.8275
0x16b9 ,27.17653
0x2be7 ,14.738455
0x313d ,25.662535
0x8568 ,25.635353
0x26ee ,15.965156
0x4818 ,22.132795
0xa6f1 ,41.525665
0x75a4 ,33.21732
0x176b ,19.046202
0xbb4d ,24.324821
0xbe41 ,24.247478
0x61ed ,21.107048
0x2594 ,23.32526
0xdb7b ,28.83705
0xb327 ,20.96588
0x69f1 ,13.598818
0x2d2d ,15.3110895
0xd8cf ,18.136677
0x8e28 ,22.981176
0x81a1 ,21.465864
0xee5 ,19.155266
0x718a ,28.055347
0x717a ,29.506624
0x2c53 ,15.699803
0xd41b ,32.492386
0xb42f ,45.254105
0x287e ,23.191704
0xa66b ,24.177343
0xd1d6 ,19.703154
0xafae ,24.107689
0x6737 ,41.932747
0x8628 ,34.103855
0xd3d1 ,15.265539
0x2931 ,23.66069
0x5b1d ,32.332237
0x8ef7 ,15.879382
0x82e3 ,33.560005
0x2bf5 ,21.917276
0x84a5 ,36.550964
0xdff2 ,20.90399
0x5f5e ,28.371662
0x6bf5 ,22.906832
0x2fe6 ,23.453207
0x749b ,17.029926
0xd06c ,19.399767
0x774e ,27.487272
0x9430 ,21.378582
0x2e76 ,36.653008
0x463d ,28.014557
0x8dfe ,42.244102
0x8658 ,23.976688
0x2661 ,25.270971
0x6cc3 ,49.4375
0xa668 ,27.847864
0x4c11 ,22.3218
0x9253 ,10.918981
0x3f48 ,26.636358
0x85e9 ,21.760021
0xa3e9 ,25.649834
0x4c48 ,39.70739
0x6a60 ,21.546614
0x13c2 ,34.319523
0x6c2c ,21.412645
0x51d4 ,21.05188
0xbd0d ,26.471285
0x1fbe ,15.494275
0xe092 ,19.352528
0xc867 ,23.492151
0x64e1 ,23.093664
0x862a ,19.280994
0x1d9e ,25.108974
0xbfe9 ,37.32128
0xa3f4 ,22.808836
0xccfb ,22.629215
0x2726 ,24.7802
0xc5bf ,13.216325
0x854f ,28.274792
0x5153 ,35.88673
0x7f4a ,22.406288
0x40d1 ,14.200135
0x2d12 ,36.624596
0x1cf9 ,16.59128
0x7334 ,11.820851
0x1553 ,26.471487
0xd70a ,21.14788
0x495c ,32.38211
0x7fd ,22.012201
0x9051 ,33.490013
0x4989 ,29.849459
0x99b0 ,46.182823
0xb3c ,18.971724
0xb569 ,14.486035
0xdb77 ,28.617922
0x79e7 ,23.394152
0x1c3b ,21.48246
0x87b9 ,15.140954
0x7186 ,14.923702
0x442e ,31.928762
0x116e ,20.920816
0x3cdc ,26.796352
0x932e ,14.047397
0x2728 ,34.578583
0xac7a ,25.768173
0xa06f ,23.096493
0x943a ,21.74297
0x4db8 ,32.30278
0x9991 ,41.132896
0x5124 ,27.904806
0xc7b9 ,37.0266
0x8ab5 ,32.555534
0x1382 ,16.229332
0xe08c ,29.013191
0xcf3b ,19.437222
0x208f ,42.976913
0xd0ff ,30.357414
0xca8d ,42.209866
0x1a6a ,27.748678
0xd4bc ,28.438719
0x177a ,13.266507
0xabff ,36.68665
0x4564 ,37.909008
0xbf17 ,28.551107
0x4ff5 ,15.7283945
0x229a ,16.118738
0xcc9c ,24.204575
0x59fb ,24.263002
0xa3c2 ,24.15084
0xaedd ,39.05851
0x95ae ,14.654247
0x1937 ,27.972597
0x876f ,46.913742
0x2bbf ,24.143486
0x8fcf ,37.674168
0xb093 ,25.891277
0x4af7 ,14.436279
0x89ce ,40.51684
0xd9dd ,22.390778
0x5c88 ,37.293385
0x1e7a ,25.927074
0xd2c ,21.334826
0x95e0 ,17.890663
0x379c ,19.507751
0xd00e ,21.216427
0x2152 ,39.919777
0xaaa9 ,17.81403
0x93d2 ,28.633574
0x7138 ,24.80184
0xa3ee ,22.097641
0x7dc ,26.582409
0x601a ,46.38268
0xc3cc ,24.164793
0xfb7 ,25.15499
0x36d3 ,22.547997
0x335b ,10.835719
0x1cd5 ,26.445549
0x204c ,35.405178
0x4154 ,16.998497
0x5a27 ,24.274292
0x7c6c ,15.041106
0x7c1a ,40.21121
0xa878 ,22.025066
0xe24b ,17.869057
0x49a3 ,41.839954
0xd881 ,35.10328
0x63ca ,16.858442
0x42f ,26.49237
0x6b7c ,39.903656
0x1697 ,14.698685
0xda3c ,22.571545
0xc17c ,18.44237
0xe1f2 ,17.669853
0x86b3 ,36.545765
0x81bb ,21.604374
0x1580 ,30.169586
0x7643 ,18.037756
0x3a6e ,16.932547
0x20db ,28.663727
0xc4a1 ,17.722202
0x51fc ,43.56658
0x6652 ,15.361502
0xabf6 ,30.660664
0x87ff ,35.235115
0xdc6d ,10.346091
0x9df8 ,38.40554
0x43cd ,46.192013
0x4bdb ,17.216082
0x3c31 ,28.056957
0x54e2 ,26.479994
0x1d98 ,28.400667
0x71b9 ,28.551525
0x32e9 ,34.80954
0x7c44 ,17.73229
0x3ca6 ,18.835197
0xc74 ,19.718227
0x8f24 ,19.016012
0x44bf ,17.276709
0xca5f ,28.864729
0x58c0 ,21.772974
0x29ea ,26.08124
0x8595 ,35.012104
0xcfd ,19.658615
0x1ff7 ,14.85277
0xcc67 ,17.430595
0xdb37 ,29.268417
0x5749 ,20.269615
0x3585 ,17.363531
0xdf6b ,35.419807
0x202a ,38.239166
0x460b ,34.974472
0x3440 ,38.042137
0x3f96 ,23.392382
0x5baf ,24.337193
0x9761 ,29.651678
0x7566 ,21.513266
0xad14 ,26.516214
0x97ac ,30.211142
0x659 ,35.16006
0x3a05 ,24.22189
0x41e7 ,19.335754
0x43c1 ,19.936134
0xcfa6 ,15.77773
0x54df ,12.967717
0x1dcc ,18.877707
0x61c1 ,24.941067
0xa8a8 ,17.742489
0x9e7c ,13.140848
0x60af ,14.739681
0x7b18 ,21.562677
0xe1f9 ,21.577528
0x4698 ,23.265018
0xa5fb ,19.335173
0xca20 ,48.760567
0xd06d ,28.062262
0xc038 ,27.23076
0x15d1 ,17.595945
0x3dac ,33.853485
0x9a0e ,17.430075
0x7853 ,34.702538
0x12c6 ,23.61121
0x6e39 ,26.08645
0x4fea ,42.046185
0x25a7 ,16.997286
0xcad3 ,21.565779
0xb8d5 ,31.61968
0x5111 ,29.521856
0xd7ac ,28.0278
0x24f9 ,22.674517
0x1a15 ,29.41063
0x6750 ,45.738422
0x8394 ,21.89936
0x71da ,21.914564
0x9b3f ,20.874445
0xe071 ,37.073555
0x7399 ,17.77084
0xa615 ,24.403763
0xaebb ,34.701305
0xb7e3 ,21.767153
0xe1dd ,22.796658
0x6de ,25.076952
0xd752 ,24.192545
0x21e1 ,33.18955
0x88e2 ,24.918575
0x175e ,40.562828
0xc06f ,38.666584
0x86d8 ,22.400352
0xdd11 ,20.136192
0x6af1 ,23.270466
0x3172 ,35.80557
0x69e5 ,27.299746
0x33a1 ,32.93966
0x27c7 ,26.32503
0x531a ,37.162388
0x3747 ,21.365126
0xbcd9 ,35.61251
0xc099 ,31.396614
0xdbfc ,21.563353
0x62a6 ,23.53999
0x2ae0 ,33.226185
0x1ac5 ,38.23422
0x6f21 ,21.94193
0x3429 ,19.85164
0x8255 ,14.987409
0x760c ,24.685019
0x2547 ,15.347707
0xa581 ,24.167562
0x2399 ,35.982445
0x1449 ,14.709403
0x9126 ,13.444196
0xc17e ,27.803854
0xce6c ,34.449017
0xc95a ,18.242416
0x7a07 ,22.371988
0xde09 ,16.523703
0xdbf6 ,17.846
0xb607 ,20.456533
0x8df8 ,22.575954
0xd414 ,12.986566
0x3ccc ,24.895193
0xc3d4 ,36.84993
0x154f ,18.042013
0x1a8b ,19.445917
0x1878 ,22.59017
0x6b0c ,17.156248
0x7478 ,25.061722
0x14e7 ,37.36765
0x5f71 ,30.140871
0x5481 ,24.035004
0xd2ab ,28.849161
0x995d ,36.698982
0xd6ce ,27.947462
0xc50e ,19.099033
0x4000 ,20.66733
0x352d ,19.646147
0x97e5 ,19.15697
0x34a5 ,20.855352
0x8a09 ,39.815186
0x847a ,22.35958
0x2693 ,22.73247
0x72d4 ,15.120242
0xf3e ,40.85948
0xbf32 ,39.173054
0x6ef2 ,44.6228
0xe183 ,26.389112
0x4ae5 ,45.376743
0x40e6 ,49.228107
0xb1ed ,16.356506
0x616 ,26.927086
0x8d32 ,40.36864
0x83b0 ,42.495228
0x4bf2 ,42.51781
0x7c7b ,15.599484
0xccad ,14.726349
0xa12d ,39.872746
0x36f5 ,34.89482
0xde71 ,18.725168
0x144f ,49.894436
0xded8 ,40.45658
0x4148 ,31.923462
0xbd86 ,12.958946
0x7497 ,35.594097
0x2e97 ,43.26499
0x4507 ,36.038605
0x9b0 ,24.749067
0x6cb4 ,26.151958
0x951f ,32.872684
0xced8 ,27.81284
0x920b ,34.40504
0x36df ,24.49404
0xc54 ,37.044247
0x897e ,23.122171
0x81af ,42.01181
0x93c2 ,24.492077
0xa04c ,17.811419
0xb91b ,38.479465
0xde2 ,29.192293
0x2738 ,20.0699
0x7d5b ,32.755028
0x2e4c ,31.1544
0x4dad ,16.504156
0xd781 ,12.226194
0xa8a0 ,27.186756
0x130b ,22.219938
0x4941 ,13.696698
0x21cd ,19.445587
0x2a75 ,47.905792
0xd3ac ,21.280663
0xcef6 ,16.858418
0x410f ,21.285706
0x72c ,22.235502
0x27f2 ,20.896404
0xb807 ,17.185478
0x3248 ,34.908348
0x3b38 ,18.209858
0xe0e3 ,44.57147
0xb912 ,13.184796
0x7525 ,19.448833
0x7037 ,16.907421
0xb7f2 ,40.14211
0x3a0f ,23.451057
0x437c ,17.528898
0xdba ,34.404644
0x35dd ,15.051355
0xda09 ,24.898132
0x9ee6 ,24.675285
0x3d9e ,21.593613
0x7697 ,16.83138
0x6d1 ,17.155258
0x8c1c ,40.164143
0xd95a ,22.980568
0x6bec ,31.416033
0xcf1b ,22.900574
0x9daf ,21.74499
0x77df ,16.864658
0xb538 ,38.18345
0xfc4 ,23.690586
0xd2e4 ,21.324127
0xd7fe ,29.481531
0xa7a ,17.661701
0xb16d ,23.464275
0x1eeb ,18.8058
0x7b83 ,46.678257
0x6ca5 ,33.91963
0x6fcc ,18.993338
0x9a2e ,16.4188
0xbde4 ,22.047955
0xa01c ,21.29367
0x3a5f ,35.10378
0xdd84 ,14.702579
0x3996 ,20.694443
0xd3ad ,22.38528
0x109c ,42.54105
0xae65 ,24.40925
0x4f6e ,35.550697
0x923e ,21.375265
0x27d0 ,14.997633
0xcffa ,47.491825
0x4c50 ,28.306395
0xcf67 ,25.129068
0x927 ,19.592972
0x28db ,15.81783
0x3a0e ,27.684677
0x3ca1 ,20.214241
0xbf9d ,28.47171
0x1ed4 ,26.670164
0x6052 ,24.618597
0xc988 ,19.240833
0xe0ec ,31.437586
0x7d04 ,47.155163
0xde13 ,35.54818
0x24e3 ,24.815563
0x697d ,24.20987
0xcc23 ,24.765505
0xa6d5 ,38.157078
0xd301 ,27.13108
0x72db ,15.903681
0x90de ,39.287807
0xbfa9 ,17.311361
0x2d9c ,21.591187
0x585 ,38.35699
0xc47 ,28.690731
0x9b99 ,24.246502
0xd3bf ,43.870853
0x7b9f ,26.291487
0x2d9e ,13.514403
0x6bcb ,16.706417
0x5009 ,17.118183
0x96f4 ,17.517845
0x6109 ,32.20607
0x8aef ,27.820839
0x21b0 ,14.481828
0x52eb ,30.169605
0xd66a ,39.271046
0x7fad ,21.977703
0xb895 ,11.768727
0x7fd4 ,25.93231
0x76ff ,29.721989
0xa7d9 ,25.274967
0xcb96 ,24.62496
0x34ab ,17.193768
0x5d06 ,16.799253
0x33e5 ,24.471266
0xb89f ,13.8994255
0x485d ,21.859484
0x4869 ,28.505987
0xb30d ,28.444754
0xd572 ,20.85309
0xeab ,26.839258
0x949 ,27.650967
0xa63d ,28.129606
0x69dc ,37.233868
0x9071 ,15.045503
0xdec9 ,18.660358
0xa3fc ,24.031626
0x2085 ,37.295517
0xac85 ,36.571877
0xdbbb ,40.64577
0x1eaa ,14.172257
0xa820 ,21.205715
0x5dde ,22.626217
0x7477 ,24.06676
0x83f0 ,14.005301
0x938d ,16.193478
0x5c4e ,24.077465
0x6032 ,20.621933
0x5d19 ,15.452513
0x3a93 ,16.84629
0xd47b ,19.184107
0xfb6 ,50.487007
0x8ec0 ,33.452927
0x80a2 ,21.30531
0xf57 ,20.319319
0x99ba ,36.795616
0xdb31 ,47.189983
0x9810 ,14.980707
0xafb6 ,28.653175
0x6072 ,16.630787
0x3c46 ,28.876312
0x2c8f ,21.07594
0x26ab ,26.546555
0x79a5 ,17.709839
0x341c ,38.252037
0xaac3 ,14.625383
0x3d1e ,24.739088
0xa594 ,13.606614
0x4b81 ,22.052094
0x944a ,37.259903
0x2d5c ,28.772606
0x9f50 ,27.949903
0xb055 ,25.632298
0xb2ee ,45.752697
0xe17c ,39.36117
0x8b59 ,26.631449
0x4543 ,23.57289
0xa7c7 ,31.883722
0xdea1 ,14.347276
0xa0e7 ,33.319817
0x9568 ,44.003
0x2b7a ,25.413485
0x2b75 ,27.281145
0x911f ,23.008804
0x6e94 ,18.036583
0x6685 ,35.441708
0xbc74 ,25.460234
0xb9b7 ,42.51309
0xc3fb ,28.076918
0x46c1 ,10.56549
0xd10d ,23.020382
0x509b ,38.410053
0xddaf ,27.57447
0xd6dc ,24.759333
0x9b0a ,25.783941
0xba61 ,31.178112
0xd930 ,34.48851
0xa5fd ,21.403957
0xc3dd ,17.075653
0x1ea8 ,35.5336
0x6458 ,22.48572
0x9c8d ,15.245199
0x53f ,25.23498
0xd5f9 ,40.82698
0x5e81 ,21.895164
0xd443 ,21.705084
0xc49f ,17.953728
0x3ff0 ,26.536257
0x6d78 ,23.4759
0x126a ,22.575703
0x31ac ,17.23675
0xa4e2 ,24.389006
0xc5db ,23.92087
0x18f5 ,48.731964
0x29c8 ,34.08081
0x6ff9 ,24.20656
0xa633 ,18.782785
0x9bdd ,18.697899
0x58d2 ,27.824476
0x7308 ,24.110895
0xd458 ,15.66106
0xbd4e ,26.723095
0xcbb5 ,23.22958
0x915b ,18.146812
0xb96e ,29.892654
0x70ec ,28.89377
0xe13a ,27.71312
0x404c ,16.99264
0x2a7d ,21.78533
0x40a6 ,13.55442
0x9c7 ,34.187653
0x5742 ,22.406837
0xd3dd ,46.649563
0xcc05 ,23.740417
0xd792 ,22.800976
0xca1f ,35.727524
0xb824 ,46.772556
0x7c6e ,22.47511
0x23dc ,22.008171
0x7086 ,25.955904
0x5d88 ,17.484724
0xad70 ,17.422678
0xae71 ,12.895954
0x97ee ,22.081772
0xc327 ,15.133399
0x4a64 ,21.515938
0x7430 ,26.293106
0x7533 ,24.070993
0x7700 ,12.85027
0x6513 ,40.72166
0x342e ,23.943989
0x3e9f ,16.44572
0xbee5 ,23.514984
0xc052 ,29.81061
0xac96 ,16.555258
0xac72 ,32.565605
0x315e ,25.97414
0x3047 ,23.961264
0x85f6 ,45.300003
0xd074 ,36.925438
0x63ed ,19.524149
0x3031 ,29.076603
0x5ce4 ,24.16862
0xc178 ,12.689693
0x6129 ,26.145924
0xc20b ,24.399956
0x3e48 ,23.525267
0xc247 ,20.868464
0x4950 ,23.288351
0x6a38 ,22.256102
0x4910 ,25.72335
0x6feb ,17.337532
0x9a0a ,22.88244
0x16d4 ,35.048447
0x9329 ,35.01274
0x9a83 ,41.75721
0xcf1 ,21.604849
0xe049 ,33.419666
0x2790 ,15.820188
0x3655 ,25.868425
0xc681 ,21.154633
0x1f0a ,21.431616
0x8b55 ,36.968983
0x96be ,22.139387
0x12df ,36.652252
0x7679 ,33.03313
0x9495 ,31.870474
0x8aa6 ,21.144703
0x5f20 ,36.15522
0xc293 ,15.706637
0xaa0 ,25.28436
0xa6cb ,17.290058
0x82c ,28.758518
0x74a7 ,35.295692
0x22d6 ,17.733063
0x3303 ,19.051853
0x8938 ,17.04332
0xcc57 ,24.354689
0x366c ,19.666023
0x6321 ,17.898586
0xb253 ,40.202328
0x710d ,31.091389
0xc1c5 ,31.897707
0x71be ,32.49657
0x26ea ,43.50913
0x8f97 ,26.53874
0xa605 ,17.895182
0x4242 ,22.800566
0x2562 ,19.21904
0xef1 ,24.417852
0x4cd9 ,19.065794
0xaa0f ,13.478666
0x26a1 ,16.797752
0x6469 ,23.960522
0x511 ,24.27703
0x6746 ,17.764444
0x6c33 ,24.028717
0xc815 ,18.086042
0x7a3c ,16.527937
0xcec4 ,15.19766
0xb043 ,16.304602
0x5bfc ,23.353392
0x5dc1 ,13.573716
0x20a4 ,42.448475
0x8a36 ,20.628616
0xaa2c ,45.469967
0x14d7 ,17.661776
0x4275 ,28.421553
0x337d ,20.357626
0x6acd ,30.814987
0x1ad0 ,27.946325
0xb31f ,34.3388
0x743f ,15.191808
0x2a68 ,35.829315
0x6220 ,21.903915
0x9959 ,24.892351
0x1131 ,28.823605
0x87d3 ,16.487137
0x7f34 ,36.678658
0xdea8 ,43.148796
0xdd6c ,37.988285
0xba9e ,22.850634
0x227f ,20.944836
0x4d39 ,17.647783
0x1e44 ,22.705105
0x5002 ,24.889385
0x1cfc ,28.581024
0x7f64 ,23.317293
0xa717 ,26.453695
0x466f ,37.107918
0xbe71 ,34.98886
0xc65c ,36.127766
0xb0fe ,36.957176
0x1b90 ,14.075363
0x9643 ,15.91666
0x9ee8 ,23.683893
0x1086 ,45.625313
0xd742 ,21.768513
0xdda9 ,18.081081
0xcdbc ,31.733034
0x5c9e ,24.42263
0x3308 ,16.147182
0x1370 ,19.043104
0xc28d ,38.59511
0x193b ,18.558914
0xd658 ,45.491367
0x70e6 ,28.802662
0x9c0e ,18.952278
0x4fdc ,21.14454
0x5440 ,21.618147
0x247f ,21.386421
0x8910 ,27.513702
0x86ac ,24.470446
0x81d ,22.333366
0x7fa6 ,21.950432
0x5428 ,44.586235
0x88e5 ,23.926355
0x3bd8 ,27.196926
0x20ad ,39.778244
0xd962 ,47.67083
0x384d ,29.206415
0x6959 ,22.717508
0xfa0 ,42.948353
0x2620 ,19.532314
0xd02d ,14.867099
0x954f ,22.393015
0x84c3 ,29.889551
0x8b58 ,17.006521
0xc91f ,34.403427
0x5f83 ,26.236511
0xc186 ,23.896996
0xdb4c ,24.91176
0x78db ,19.416983
0xd73f ,36.15053
0x5b20 ,26.600092
0x2c95 ,26.576378
0x956f ,27.818525
0x3eb6 ,11.973046
0xade3 ,18.927408
0x6e9c ,15.536128
0xd706 ,34.179367
0x30ef ,25.103346
0xb307 ,17.21207
0xd86f ,17.545753
0xbd31 ,17.83402
0xbc7a ,11.111504
0xc1f1 ,48.27502
0x27b5 ,39.91373
0x4f14 ,45.820244
0x4f31 ,24.888924
0xd197 ,35.020958
0x32c1 ,21.00056
0xd59 ,25.851318
0xb377 ,45.94519
0xe122 ,15.136586
0x6d99 ,20.064219
0x1400 ,20.697315
0x4d81 ,26.595083
0x7b8e ,24.868303
0x3e42 ,37.54305
0x3188 ,16.939936
0x6ae9 ,22.069147
0x9645 ,15.216317
0x7e77 ,42.34976
0x9c83 ,27.259737
0x8205 ,32.633484
0xd128 ,15.455704
0xef5 ,12.9919
0x51e1 ,15.125887
0xcc3b ,22.976015
0x3854 ,18.930088
0xbe1e ,29.315067
0xd2f5 ,17.694244
0x63fe ,24.915762
0x9e22 ,23.088537
0x3d99 ,16.299116
0x16e9 ,18.761208
0xb5d5 ,15.915774
0x76e6 ,21.474026
0x5a1 ,19.748497
0x4307 ,22.74069
0xc860 ,19.979464
0xd2d0 ,18.209856
0xb136 ,44.28508
0x24c6 ,36.56767
0x852e ,22.24562
0x5bc5 ,34.90055
0x5827 ,25.059372
0x4ab ,34.594357
0x524a ,30.038174
0xa36d ,23.197748
0xe79 ,37.76207
0x9a95 ,25.084784
0x5b86 ,19.366205
0xbf67 ,13.308793
0x5ca6 ,24.686428
0xb0eb ,21.250698
0x2caf ,14.139889
0x906d ,20.942307
0x66c7 ,40.644604
0x6e54 ,37.480827
0x4ed6 ,25.576538
0x6d4d ,23.004885
0x4e39 ,26.148848
0x3126 ,39.381737
0x50e1 ,24.27423
0xa322 ,28.729197
0x4156 ,16.629072
0xbb1f ,20.471682
0xcab8 ,48.63224
0x9a6 ,20.013596
0x15b7 ,36.420773
0xb748 ,17.549969
0x5fc0 ,17.913675
0xd106 ,17.14465
0x13cf ,16.211908
0xb3bb ,42.01142
0x80cf ,36.192158
0x3cc3 ,18.127449
0xaf75 ,23.067537
0x7c6f ,24.88016
0xb854 ,17.814016
0x95ce ,22.0172
0x6085 ,17.233284
0x407 ,26.737339
0xe1c1 ,26.730455
0xad1d ,18.312103
0x2ee6 ,29.1463
0xcfb ,28.647327
0xbdc3 ,25.073374
0x6c85 ,37.49717
0xd132 ,21.4685
0xca75 ,35.09396
0x4dcc ,36.138367
0xcc2d ,12.609167
0x86d ,19.919535
0x40df ,17.352535
0x50c9 ,41.906567
0xa0fd ,31.203966
0x2f44 ,16.09134
0xe1cb ,43.571846
0x7176 ,37.3483
0xd981 ,13.27175
0x92ee ,25.445148
0x12fa ,42.263264
0x5beb ,22.5893
0x3d51 ,15.097453
0x996f ,16.73257
0x657c ,28.913885
0x1671 ,25.8086
0x77c4 ,33.982166
0x63c3 ,19.516127
0x56a8 ,23.628046
0xab2c ,17.341856
0x9c6a ,37.54501
0x7d52 ,34.459305
0xc7c9 ,27.192831
0x9563 ,44.747692
0x2be9 ,22.833408
0x5d8a ,37.522083
0xc5c0 ,41.886066
0x6cf6 ,30.264637
0xae4 ,38.78612
0xe9c ,29.915285
0xdb6a ,34.57679
0x31f2 ,18.034782
0x1d03 ,43.762875
0xc03b ,19.47343
0x1afc ,16.441347
0x130c ,39.353786
0x9268 ,19.39583
0xbae2 ,33.307213
0x1151 ,27.858833
0xcb40 ,22.542868
0x13aa ,44.469254
0x9b1c ,17.927204
0xb382 ,21.600021
0x9207 ,45.821747
0x5f53 ,37.446243
0xc7dd ,27.678911
0x3e08 ,24.274847
0x535c ,37.504498
0xa902 ,19.825193
0xd9e8 ,22.399088
0x9852 ,37.200703
0xa596 ,14.884259
0x9933 ,24.26518
0x1041 ,24.631945
0xa6e6 ,36.554268
0xd7f0 ,37.007656
0x5fc5 ,26.271156
0xd55b ,24.944979
0x2f6e ,35.004227
0x1f8e ,31.207336
0xb7e4 ,17.474674
0x615b ,22.677534
0x6fba ,25.858633
0xd603 ,17.965511
0x3122 ,36.803917
0xddc2 ,23.934223
0x4d04 ,17.46922
0xc09 ,24.966137
0xa127 ,24.895063
0x4a12 ,29.851862
0xe13c ,18.06352
0x795f ,16.466814
0xbdaf ,29.31005
0xc0f ,21.533007
0xb15b ,34.698956
0xbfd2 ,24.385654
0x3f72 ,18.747791
0xaeee ,13.203981
0x8c25 ,23.975586
0x9f9e ,16.157423
0xd199 ,33.748405
0xe1bf ,23.754936
0x57d6 ,24.918285
0xa853 ,20.100769
0x1a1d ,25.266397
0x9cf9 ,27.295805
0x8b64 ,27.27209
0x1f14 ,21.555063
0x10c8 ,26.549166
0x5f3 ,21.105183
0x30c3 ,34.983116
0x7d78 ,29.239202
0xd0e3 ,16.690723
0xdbc8 ,13.714492
0x2255 ,17.67339
0x944f ,23.155674
0x18c7 ,26.336294
0x2fe3 ,21.732185
0x83b3 ,17.708933
0xcc5a ,20.82652
0x24c1 ,23.894714
0x9129 ,18.673498
0x80cc ,21.885227
0xa973 ,11.153716
0x73eb ,27.580898
0xd83e ,29.593065
0xa361 ,26.00674
0x6cf ,18.687916
0x1dfc ,35.959633
0x646a ,14.930528
0x2572 ,21.587675
0xc433 ,22.911304
0x46af ,19.081852
0xfe4 ,27.303871
0x7d54 ,36.37234
0xb0a8 ,19.794607
0x4d11 ,27.334412
0x77b4 ,38.891674
0x240f ,23.269175
0x2edf ,28.542273
0xb550 ,21.82463
0x4bd3 ,19.234222
0x4536 ,35.09668
0xa94c ,14.924145
0x1297 ,24.44798
0x8f51 ,17.656649
0xe5c ,27.599203
0x1da1 ,26.65581
0x17f2 ,17.262314
0x224b ,36.49789
0x8f31 ,23.479408
0x30a5 ,37.246662
0xd6b9 ,19.861237
0xb72 ,15.831452
0x4bbd ,15.815085
0xc010 ,21.40151
0xb926 ,14.808288
0x4b13 ,42.772892
0xb886 ,15.492373
0x7eca ,21.56646
0x179e ,17.872314
0x4da9 ,18.135187
0xbc56 ,23.652313
0xa7b7 ,22.244867
0x9b24 ,40.03027
0x6ee9 ,34.814545
0x5da1 ,23.726534
0x3ad8 ,27.954506
0x24b1 ,40.26358
0xb09b ,49.519203
0xb5a8 ,13.390768
0xa731 ,23.387938
0xd31b ,17.867762
0xc334 ,26.77162
0xdbe3 ,35.686268
0x76b8 ,17.338083
0x4677 ,23.221426
0x508a ,19.054806
0xb5c9 ,41.19671
0x59ec ,31.82784
0x9723 ,28.86119
0xa495 ,14.390706
0xb26d ,40.46286
0x9595 ,22.724758
0x1cc5 ,13.854668
0x1b0b ,16.522877
0xb838 ,26.399588
0xc521 ,18.582584
0xa4bb ,26.44147
0x25b0 ,35.71965
0xc68c ,15.435613
0xa082 ,26.246582
0xbf5a ,27.797308
0x6466 ,45.89495
0xbede ,25.060535
0x5627 ,41.941174
0xc410 ,24.033262
0x2948 ,22.406599
0xcc2f ,26.251358
0x9ce2 ,21.952097
0xcac9 ,17.922153
0xd970 ,40.38812
0x8855 ,47.26621
0xdf19 ,45.866104
0x75b ,19.332266
0x93a8 ,12.922043
0x634d ,13.777915
0x8a4b ,11.2324505
0xd6e0 ,13.742332
0x5926 ,21.011808
0x9e8d ,33.176582
0x1202 ,22.721577
0x7632 ,26.642881
0x93aa ,18.20637
0xd923 ,26.696625
0x6112 ,39.12
0xd88 ,24.33305
0x90e8 ,22.98146
0x8e83 ,15.867958
0xbfb7 ,50.847275
0x290a ,40.745705
0x519d ,17.32819
0xdc83 ,25.081987
0x97e2 ,33.251465
0x93ed ,28.17969
0x2361 ,17.841639
0x476c ,23.904581
0x98bc ,27.57442
0x6483 ,35.46845
0xa32d ,26.632715
0x6bb7 ,23.284548
0x198c ,22.445969
0x3775 ,42.326977
0x324e ,37.07578
0x600f ,15.422313
0x37ac ,19.955141
0xdc6f ,26.824123
0x37ad ,26.020678
0x7adc ,28.820353
0x34ba ,28.65362
0xd0f2 ,17.94874
0x7973 ,23.090305
0x6067 ,38.591793
0xc1e1 ,45.62391
0x4b25 ,21.374556
0x5254 ,19.023565
0x9546 ,40.93651
0x8b44 ,16.54
0x36c6 ,26.38074
0x2096 ,48.78185
0x9771 ,24.804386
0xc25b ,28.199951
0xbdfa ,29.54184
0x8b71 ,23.067493
0x47be ,23.367542
0xd647 ,38.26097
0x385f ,26.952133
0x715b ,18.958092
0xbc7d ,28.787552
0x1775 ,39.376488
0x68ef ,16.971554
0x991e ,23.441769
0x4f95 ,23.236689
0x85a0 ,31.214987
0x668 ,20.89066
0x96dc ,45.99612
0x8979 ,28.737242
0x2066 ,19.55368
0x947e ,25.34406
0xf23 ,25.619862
0x6258 ,27.92831
0x97d8 ,24.292309
0x72a2 ,32.52676
0xd17b ,36.714367
0x3fcb ,17.695593
0x4e0 ,26.348066
0x8098 ,36.868473
0x2854 ,24.854534
0x4a93 ,22.536415
0x1b7a ,26.548275
0x5999 ,19.048443
0x6771 ,19.280386
0x521d ,23.490175
0xe1a9 ,36.35109
0x2b9b ,16.645159
0x5159 ,25.496557
0xaf90 ,28.485546
0x1967 ,21.797173
0xd986 ,37.179604
0x2c4b ,17.550428
0xd91e ,11.867545
0x6370 ,39.008003
0xb8bd ,28.223509
0x91b9 ,16.876373
0x16b8 ,32.85836
0xaaad ,24.435873
0x875f ,28.781395
0xa9aa ,47.80612
0xad7d ,40.76827
0x6adf ,45.20794
0x11ff ,25.666681
0x4478 ,38.620457
0x6cea ,22.403496
0xbfa4 ,30.026415
0xc5ba ,26.161932
0x28c8 ,20.357573
0x31dd ,15.525796
0xbc32 ,34.681427
0x3ad5 ,28.707582
0x6776 ,16.821712
0xe28 ,16.231121
0x3496 ,25.903154
0x8042 ,21.715204
0x7ce2 ,40.25068
0xd37a ,28.061739
0xd1b7 ,34.39069
0x267a ,37.093796
0x8a0f ,33.108753
0xd6cf ,39.422134
0xaea3 ,24.83868
0xd41f ,15.553528
0xc489 ,38.834538
0x18d2 ,32.740025
0x54a0 ,37.84857
0xb8c6 ,22.320461
0x7e97 ,31.0806
0x8ab7 ,46.173058
0x6821 ,37.244152
0x8550 ,23.285025
0x9e0f ,13.717888
0x246a ,23.347017
0x29fe ,23.460428
0xc8b ,37.512558
0x2d20 ,28.767202
0xa70d ,15.532174
0x2147 ,24.78168
0xad80 ,36.92554
0xe1ea ,37.41049
0x4121 ,39.60262
0x9251 ,29.482737
0x8008 ,26.168343
0xcb7e ,16.492693
0xd9d4 ,23.03676
0x5639 ,36.65427
0x9efe ,34.34911
0x2160 ,35.991558
0x4aec ,20.994976
0x1fd9 ,16.899723
0xc121 ,30.853886
0x5508 ,14.283566
0x4457 ,23.230066
0x6d66 ,37.759693
0x84ff ,41.76966
0x72fd ,18.152493
0xc6d3 ,25.758204
0x1999 ,44.423805
0x9446 ,37.00837
0x57f ,26.523943
0xc02b ,25.410744
0x995f ,16.619654
0x9d41 ,17.7038
0x44a5 ,29.940186
0xcd4 ,24.97555
0xc44f ,31.56313
0x83ca ,21.432194
0xce56 ,18.42046
0x7313 ,29.711412
0x686c ,39.54934
0x2f38 ,19.58253
0x7608 ,16.850859
0x971 ,27.67498
0x9148 ,23.035788
0xa0f7 ,21.08842
0x2b54 ,33.966904
0xc85d ,19.361385
0x92f4 ,36.78147
0x25af ,22.80536
0x8499 ,21.383316
0xd4d7 ,32.552788
0x1181 ,49.284252
0xd507 ,28.850376
0x2dc1 ,23.570114
0x57e9 ,21.671104
0xad4a ,13.823284
0xaa41 ,19.32384
0x3a84 ,21.203465
0x8b77 ,24.227398
0x91c7 ,23.472208
0xdc0b ,13.199326
0xd58c ,26.459887
0x534f ,37.279827
0x3e80 ,47.84121
0x43dc ,26.347866
0x640c ,27.9547
0x2408 ,32.02711
0x6363 ,18.037935
0x92a8 ,19.461466
0x346e ,21.012346
0x1c2f ,26.982534
0x2b12 ,19.619467
0x2385 ,29.884842
0x10ff ,24.06451
0xc0ac ,20.841219
0x2800 ,24.217188
0x8b3c ,46.277554
0xd437 ,23.072464
0xd563 ,13.531962
0x3220 ,50.80814
0x20f9 ,22.947319
0x8d3c ,21.455193
0xb336 ,16.628138
0x2efa ,17.746685
0x5185 ,19.809597
0x546a ,25.114017
0xd209 ,31.588667
0x182a ,34.77392
0xb0c8 ,23.225582
0x5238 ,14.530582
0xe068 ,31.132303
0x92ac ,24.196125
0x3132 ,35.119026
0x8068 ,42.634895
0x4c1b ,20.989542
0xbee1 ,17.520027
0x26f8 ,31.990894
0xa606 ,14.295957
0x100c ,27.56479
0x269b ,26.139969
0xcf39 ,23.571552
0xd040 ,21.99586
0xc9b2 ,33.48466
0x746 ,25.64698
0xdb89 ,24.19627
0x5c2 ,21.12962
0x5ce1 ,21.235493
0x6580 ,23.326342
0x9259 ,31.839838
0x16eb ,23.790047
0xd789 ,17.51646
0xb5ed ,23.30946
0x56c0 ,24.532248
0x1a5a ,22.791956
0x4be ,26.458315
0x6b0 ,19.10624
0x62b6 ,34.60671
0x8b95 ,18.087492
0xbb6f ,24.911459
0x3137 ,37.251423
0x853 ,17.761301
0xd310 ,28.71751
0xbd77 ,25.749573
0xa358 ,21.601631
0x2303 ,25.835745
0x5c26 ,26.771309
0x1865 ,23.469208
0x6da6 ,22.8084
0xc62a ,13.384925
0x2a33 ,26.055305
0x9f55 ,27.75351
0x41af ,35.52004
0x5cee ,34.480583
0x1e82 ,16.524971
0x306c ,27.015291
0xd9e4 ,23.55974
0x18a0 ,20.378397
0x95ac ,15.892122
0x2bbd ,36.26502
0x2650 ,20.731054
0x8ab0 ,40.798412
0x8f2c ,39.19011
0xa2a5 ,24.785961
0xb2d1 ,17.780148
0x1c5d ,33.29638
0x2481 ,15.297165
0xc622 ,19.298016
0xa418 ,16.384804
0xc9f8 ,19.204445
0x21bb ,29.35994
0xb8d4 ,18.93267
0x4f5c ,35.441147
0x9dfd ,19.18979
0x53ec ,25.125973
0xac0b ,26.61761
0xdfc9 ,34.779102
0xfd1 ,19.106535
0x1c31 ,19.200083
0x6438 ,24.751305
0x419 ,26.25346
0xace4 ,28.432528
0x9af6 ,42.315884
0x7d3e ,24.896097
0xbcdc ,23.808094
0x1d69 ,14.105065
0xaf8d ,12.868097
0x9b63 ,21.99373
0x3fde ,18.26354
0x7aa0 ,19.58277
0x233e ,42.517323
0xf67 ,35.788692
0xd09 ,17.951654
0x6cd1 ,40.108967
0xaaf3 ,23.027014
0x55b2 ,36.878677
0x9cb5 ,17.722286
0x718e ,19.057238
0xd01a ,36.029835
0x2c6b ,21.54771
0x5f10 ,22.526445
0x5463 ,17.147085
0x6ae1 ,14.269599
0xc283 ,22.35527
0xd6f7 ,24.672806
0x2495 ,32.546803
0x4dc7 ,28.694921
0x85dd ,15.9149685
0x3644 ,22.370941
0x58b ,17.121977
0x770d ,40.77306
0x1a8a ,21.368958
0x81c9 ,39.423748
0xba6d ,19.662811
0x3a5d ,37.27202
0xd852 ,17.518995
0xced3 ,13.046391
0x30d0 ,22.873861
0x32fc ,30.122526
0x4f2d ,29.28151
0x4031 ,24.47537
0xfbb ,15.228228
0xa8a5 ,21.743721
0xc191 ,15.381879
0x1093 ,23.192577
0xae58 ,24.529673
0xca01 ,23.664099
0xd733 ,15.955552
0x6361 ,30.155048
0x4cd2 ,17.011477
0xb990 ,25.721926
0xbe6a ,39.93474
0xa54d ,20.669289
0x6b72 ,36.48329
0x13da ,26.671951
0x52ba ,19.94461
0x6591 ,34.762722
0xc558 ,22.181627
0x8db5 ,28.56234
0x9a5a ,21.888357
0x9600 ,20.398252
0x8ba1 ,27.479338
0x2856 ,35.425323
0xce62 ,36.03159
0x700e ,22.231773
0xc3eb ,20.37379
0x1fce ,40.82697
0xa5af ,13.135776
0xcd40 ,21.908382
0x8297 ,23.09974
0x64cb ,17.775024
0xa981 ,23.304993
0x1237 ,22.479809
0x29f8 ,34.195107
0x9a28 ,34.95456
0xac6d ,18.981127
0x2480 ,39.82251
0x1bc9 ,23.213696
0xdb22 ,23.186687
0xbc63 ,26.08383
0x926a ,36.58391
0x6f2a ,34.61492
0x9082 ,35.354507
0x648a ,29.23188
0x8432 ,44.64493
0xc09f ,24.452942
0x7251 ,29.407791
0x8b20 ,41.68002
0x2c10 ,22.326155
0x9f14 ,31.26382
0xb88 ,26.377222
0xaf36 ,43.122307
0xa909 ,36.918118
0xc0e ,26.536575
0xc9ca ,40.110077
0x1be7 ,27.971188
0x8b6a ,22.75791
0xd934 ,21.791094
0xa43c ,26.360727
0x9e8b ,45.545704
0xae3c ,15.835966
0x1b4b ,29.632996
0x2c3c ,19.141214
0x9556 ,9.54508
0x1223 ,19.10041
0x2037 ,21.094896
0xca92 ,22.848907
0x2d85 ,34.90767
0x9263 ,22.10185
0x807d ,29.117962
0x416b ,40.30305
0x4d90 ,42.166603
0x8a13 ,25.781448
0xdefe ,31.367233
0x809 ,22.46999
0xa9f4 ,24.600986
0x1ef3 ,21.873295
0x393b ,17.192924
0x40ed ,41.068424
0xed7 ,18.557589
0xc1e4 ,23.161463
0xbd00 ,24.014662
0x6ece ,20.867664
0xb621 ,46.927254
0x6f34 ,22.998112
0xb53e ,17.354658
0xcd70 ,29.903605
0x71e5 ,28.940456
0x5547 ,23.019417
0xb8be ,28.3569
0x5ec5 ,27.52214
0xdbe9 ,21.755714
0x19b3 ,18.732292
0x215c ,21.887312
0x452a ,22.773977
0xd640 ,21.57337
0x7047 ,13.436893
0xa465 ,29.861982
0xdad7 ,37.656765
0x7c63 ,33.83037
0x9154 ,17.747702
0x5870 ,21.07361
0xaedf ,13.206467
0xa6c ,26.78221
0xb486 ,36.854153
0xb497 ,18.736721
0xc01e ,21.007122
0x3b19 ,24.10996
0x8041 ,29.3441
0xe0d5 ,29.38282
0xcb6a ,23.752142
0x8e63 ,24.518545
0x7682 ,16.03269
0x171f ,23.038567
0x1b68 ,29.886639
0xde1c ,25.147303
0xa2c5 ,21.2806
0xd856 ,24.277617
0xae05 ,22.365953
0x70a6 ,29.970192
0x6f01 ,34.317005
0x686a ,35.71794
0x5be7 ,15.60904
0x70fd ,21.159971
0x1c4c ,21.391153
0xc8c6 ,22.018114
0x1186 ,21.203588
0x8bed ,32.344612
0xd98 ,30.301207
0x5577 ,22.456516
0x6714 ,17.330154
0x6ce4 ,24.325394
0x54a ,28.112387
0xdceb ,22.257992
0x6c04 ,22.845106
0x4ae1 ,24.047804
0x3094 ,24.196562
0x9ba8 ,49.535786
0xa69b ,17.248611
0x5a74 ,15.081265
0x7a40 ,17.782017
0x50fa ,30.92471
0x66ab ,21.506485
0x8b27 ,34.75999
0x317b ,23.62038
0xdae2 ,37.06436
0x5ecf ,22.021355
0x522c ,36.356907
0x2edc ,37.170948
0x9c94 ,23.115664
0x323d ,21.30727
0xbccb ,21.820658
0x2af0 ,35.80353
0x3b27 ,24.471203
0x952c ,19.192013
0xc3cf ,29.199408
0xcd67 ,16.016357
0x56da ,40.230633
0x2409 ,46.227726
0x789f ,33.60273
0x3058 ,22.993736
0x2d43 ,21.76432
0xbfe7 ,14.937752
0x560a ,38.341797
0x801e ,13.766568
0xb947 ,28.549911
0xa622 ,23.14457
0x3866 ,19.183912
0xd98b ,28.831854
0x61f4 ,16.895672
0x4acd ,41.977444
0xd521 ,22.711262
0x5323 ,24.2441
0x3bc6 ,14.946511
0xa334 ,26.269777
0x9972 ,28.66688
0xfbc ,24.914383
0xcf2e ,20.03366
0x77b9 ,28.801128
0x8d6f ,46.64832
0x6964 ,16.073645
0x2bb8 ,13.700836
0xce31 ,27.966272
0x9bf7 ,29.544619
0xa763 ,22.675924
0x1949 ,47.404137
0x72a8 ,23.981508
0x5fb0 ,21.872118
0x4eff ,33.53204
0x5010 ,40.53565
0x98d6 ,38.4322
0xcea1 ,27.02135
0x473f ,17.929667
0x6b3c ,25.931957
0x15a6 ,19.51954
0x409a ,17.376476
0x6d08 ,23.523664
0xaeb7 ,25.600344
0xbe9c ,22.649498
0x6c84 ,33.430897
0xd769 ,34.182213
0x5799 ,19.016909
0xa9c5 ,22.907698
0x5bf9 ,22.86749
0x842a ,24.51907
0xabb1 ,29.835161
0xe1bc ,22.841726
0xa256 ,23.95295
0xa16a ,36.556526
0x511a ,20.258226
0xcdaa ,21.522827
0x1c8c ,21.347345
0x5c85 ,31.162792
0x2715 ,40.228283
0x4463 ,37.26166
0xaa48 ,37.516525
0xa86b ,16.322346
0x2bca ,36.214058
0xbbeb ,16.731394
0xc80e ,17.862772
0x3af2 ,34.889526
0x81cf ,16.69578
0xa1e8 ,23.464989
0x3ced ,16.291683
0x8a7d ,13.345783
0x68bf ,16.091595
0xb0ac ,19.0843
0x5a29 ,17.523577
0x5c41 ,27.566496
0x495d ,13.752402
0x7bd9 ,27.995579
0x16c7 ,16.593378
0x3d46 ,20.309652
0x61a6 ,17.770786
0x539e ,23.34732
0xbd1c ,22.44627
0xdba6 ,17.478
0x361b ,19.229643
0x49b3 ,28.427427
0x3c84 ,23.852335
0x1d4d ,19.259909
0x9b7 ,18.247614
0x3bfb ,26.812536
0x4658 ,30.170107
0x1cba ,21.712288
0xc498 ,15.294879
0x45f0 ,44.752647
0x1912 ,15.297064
0x9c16 ,26.724388
0x7b73 ,20.785444
0x4589 ,28.893421
0x14d8 ,29.170689
0x35c1 ,22.144882
0x87e2 ,21.698044
0x86bd ,23.796968
0x90d4 ,24.54651
0x336b ,36.34394
0xc42c ,24.705898
0x7f72 ,19.708162
0x4fad ,17.805704
0x7ce0 ,19.542933
0x7863 ,25.773157
0x3622 ,23.616737
0x7272 ,19.513988
0x4027 ,17.304232
0x272a ,17.281033
0x3a38 ,37.207626
0xd7ca ,27.201347
0x1330 ,29.65526
0x7202 ,21.875546
0x9966 ,29.238663
0xc3d8 ,45.375378
0x4d97 ,17.912374
0xabdc ,19.37465
0x1ae1 ,36.286057
0xd891 ,15.1761055
0x645e ,14.821038
0x7b82 ,29.105894
0x7bb9 ,19.584902
0xc89b ,21.707947
0xbefb ,26.050247
0x27f1 ,29.03797
0xa233 ,16.050041
0x49cb ,23.345116
0x6895 ,47.554375
0xa22 ,40.2703
0xacb6 ,28.044664
0xa202 ,33.995533
0x7041 ,21.66757
0xc7d3 ,23.726807
0xc6d ,26.093777
0x4e46 ,20.601938
0x9841 ,36.610897
0x53d2 ,21.461279
0xa849 ,19.094702
0x20a7 ,22.809265
0x1f5e ,19.98626
0x8246 ,33.637997
0x5859 ,23.413193
0xad1c ,28.556072
0x46a9 ,29.080591
0x3748 ,19.306042
0xd490 ,34.636753
0xdef5 ,35.613575
0x7a0f ,36.38348
0xd428 ,19.382088
0x441d ,27.907436
0x6990 ,37.966934
0x3ef9 ,36.182354
0xdd9c ,19.18926
0x4d86 ,23.945662
0xdaf1 ,17.763489
0x69c5 ,19.46123
0xc3b4 ,37.109924
0x4f07 ,28.082932
0x1d2b ,27.67936
0x7d40 ,37.368702
0xae94 ,24.09698
0x9c2b ,29.39189
0xc77e ,22.911272
0x5bf7 ,27.497532
0xa92e ,31.780876
0x54c9 ,23.900822
0xd2fd ,29.125523
0x36ed ,36.80611
0x87ec ,28.140926
0x87f7 ,28.266958
0x288d ,30.157255
0x82b9 ,17.88343
0xbe64 ,28.723219
0xd0d4 ,27.578999
0x15a2 ,37.23647
0xc3fd ,41.087753
0xa183 ,13.359866
0x55c6 ,18.35124
0xb2bf ,22.641724
0x19f5 ,34.83549
0x9a67 ,37.60297
0x49f5 ,37.356037
0x27df ,19.599358
0xf4c ,38.961864
0x2194 ,22.89298
0xcd71 ,17.657001
0x1728 ,42.06742
0x4c1e ,26.36092
0x3945 ,14.834495
0x60cb ,47.95859
0xc926 ,21.07005
0x5208 ,38.380074
0x9a27 ,18.160202
0xb1ad ,28.800703
0x621c ,19.844488
0x6f12 ,25.114002
0x67a0 ,17.037176
0x8bd1 ,10.480425
0x6bad ,20.74443
0xf93 ,19.077131
0x41c ,25.890974
0x611d ,23.310772
0x9c4b ,36.93973
0xde1e ,16.46815
0x8f08 ,28.315899
0x9f81 ,16.805458
0xdc73 ,15.691684
0xd57a ,16.87385
0xd13e ,19.180676
0x5470 ,18.790848
0xa59d ,20.918394
0xadba ,45.32274
0x8ea2 ,21.290758
0x811d ,24.140846
0x3702 ,38.16128
0xab4e ,18.40573
0xc46f ,21.765884
0xc613 ,22.664524
0xc245 ,36.64988
0x84aa ,22.873487
0xd9ee ,20.826553
0x185c ,11.406114
0x8dee ,19.761177
0x8291 ,33.547783
0x96d ,26.289272
0x611a ,17.208927
0xcadc ,26.19401
0xba83 ,27.66358
0xb2d9 ,16.947502
0x4b65 ,28.380922
0xa066 ,35.356297
0xb9e8 ,21.785965
0x7e35 ,41.312565
0xacc5 ,36.90959
0x9cc0 ,21.126703
0x2561 ,18.646107
0xc59 ,28.739557
0x3531 ,13.273378
0x7e49 ,25.829521
0x6f72 ,20.945766
0xa169 ,26.627354
0xd4c ,20.916904
0x6946 ,16.52429
0x91d9 ,51.153397
0x697c ,25.804354
0x8808 ,36.85833
0x1210 ,25.945929
0xddb8 ,29.163792
0xb686 ,27.15056
0x6239 ,40.410095
0xae0 ,35.341175
0x330a ,29.679173
0xdd3e ,41.2679
0x760d ,31.74631
0x7b64 ,13.472911
0x62f4 ,23.370695
0x8501 ,13.575616
0x6bf8 ,26.730375
0xd6b4 ,23.05913
0xcc20 ,24.223886
0x938c ,23.904331
0x565f ,24.638893
0xd98c ,35.418793
0x8ebf ,24.444645
0x72e1 ,18.714851
0x695e ,27.178783
0xd8d9 ,29.35391
0xab22 ,19.720787
0x8b9a ,28.524015
0x7d1f ,23.36186
0x5510 ,23.905825
0x95ab ,32.634716
0x52db ,22.660076
0xcd4b ,27.101534
0xb23 ,15.19795
0x4d88 ,21.100397
0x960b ,24.065649
0xb131 ,28.512245
0x64fb ,25.195448
0xce1c ,21.414476
0xd157 ,33.536587
0xb1f4 ,29.675035
0x7e48 ,17.294111
0xdf89 ,16.48215
0xa972 ,18.717813
0x6a3e ,26.50883
0x3d25 ,17.776588
0x1261 ,23.262207
0x7fb2 ,29.16645
0x4a88 ,25.351513
0x73c6 ,40.429775
0xb6ae ,31.856262
0xd8de ,37.43762
0x12fb ,28.337904
0x47ac ,21.879856
0x54e3 ,27.773573
0x568b ,32.733707
0x13fc ,17.292736
0x8c50 ,10.2974
0x9770 ,39.072094
0x15ae ,23.185158
0x7681 ,15.409749
0x6719 ,23.279242
0xbacf ,40.632156
0x5cea ,17.004326
0x9928 ,28.540575
0x3380 ,22.043407
0x4489 ,25.051418
0xd91b ,26.348894
0x2f41 ,26.707495
0xa457 ,28.847519
0x58d9 ,46.470154
0x9d4 ,24.30934
0x956c ,27.927217
0xc82c ,23.436262
0xba1b ,22.394026
0x833b ,29.049513
0x42f4 ,16.871174
0x616e ,19.88797
0x85d2 ,29.430557
0x9742 ,44.088108
0xa90b ,40.760098
0x4c18 ,23.417547
0xba0 ,27.20361
0xcb14 ,23.030018
0x40d7 ,38.90552
0x1c43 ,36.87134
0xbdcd ,21.816942
0xd978 ,33.65259
0xd46c ,41.265274
0xac03 ,39.304214
0x1550 ,22.386387
0x39fd ,29.255894
0x679 ,20.703264
0x9525 ,45.046745
0x900e ,36.7313
0x18f4 ,35.768696
0x8431 ,33.53084
0x3efc ,16.609186
0xc42e ,32.15207
0x9135 ,24.300472
0x8866 ,24.130398
0x6433 ,14.747248
0xa90f ,22.711716
0x7195 ,16.078213
0x1c12 ,23.465906
0x1693 ,16.28142
0x5862 ,15.891941
0x26c0 ,28.624105
0x6271 ,27.090355
0x694f ,18.916113
0x40e ,25.347843
0x5c23 ,17.314579
0x39f3 ,18.874786
0x35e0 ,27.980135
0x8ec7 ,21.32278
0x4adb ,16.695354
0xc1fa ,28.59585
0x54da ,15.893969
0xa146 ,11.934054
0xa55a ,40.536453
0x5b85 ,19.875347
0xd8c7 ,35.05779
0x7e23 ,21.588804
0x4360 ,19.442347
0x210c ,40.259956
0x1d8f ,41.405773
0x22bf ,26.101318
0x64d0 ,20.871893
0xc833 ,43.36249
0x433 ,25.67837
0xa83c ,18.263968
0x524 ,40.332596
0x5f7c ,33.818024
0xb36d ,21.28036
0x325d ,37.969223
0xa395 ,25.550976
0xa5aa ,25.152143
0xb19 ,17.082853
0x9985 ,21.780334
0xd3a ,45.667698
0x701b ,33.158344
0xdc38 ,42.08238
0x6ea4 ,29.173428
0x8c4b ,27.994568
0xc33a ,25.689903
0x3c26 ,27.55216
0x5dd2 ,20.76965
0x3bba ,24.097818
0x1717 ,13.700709
0x80e0 ,22.52636
0xbfec ,26.800224
0x3eff ,17.798115
0x53aa ,22.918001
0xadf4 ,41.362686
0x3646 ,15.3661995
0x2d7c ,33.208675
0xd2ef ,17.10518
0x6ce ,14.757006
0x647f ,37.00517
0x2b60 ,14.973235
0x30d9 ,28.368916
0x5098 ,37.098602
0xc8a0 ,29.356968
0x4392 ,37.50351
0xbe38 ,21.899015
0xc4ec ,26.03862
0xdcdf ,37.37366
0xc124 ,25.830925
0xd91f ,18.294775
0x540 ,20.805433
0x9929 ,46.862846
0x9da7 ,21.517784
0xdab8 ,19.997507
0x502f ,28.609684
0x323c ,22.191753
0x46d4 ,19.500635
0x978b ,26.735235
0x305c ,13.120044
0xbdf4 ,16.864693
0xc212 ,29.07927
0xde6e ,34.858227
0x12bb ,35.517696
0x99a ,22.413538
0x700f ,16.26623
0x2f9a ,29.098461
0x66b4 ,18.915297
0x15f7 ,29.920818
0x1c3f ,29.877392
0xdae4 ,28.654524
0x16d5 ,24.339878
0x5019 ,28.135181
0xa157 ,34.924408
0xdd1a ,40.43319
0x46f2 ,15.948097
0x904e ,26.527683
0x4086 ,24.487434
0x7159 ,38.041943
0x913f ,26.12493
0xaace ,16.058086
0x455e ,20.058935
0x2612 ,10.944239
0x54f3 ,19.618143
0xd16f ,17.533035
0x5e49 ,14.824964
0x4186 ,30.83523
0x8b50 ,18.040508
0xaec ,21.68841
0x5331 ,35.08612
0xc241 ,41.982918
0x1cc1 ,41.556427
0xca15 ,23.17582
0x5bc9 ,23.023659
0x3d98 ,16.728014
0x4817 ,29.578491
0x82b4 ,32.506233
0x71ef ,21.849728
0x718 ,22.391148
0xd40c ,34.902954
0xa6fd ,28.498539
0x5192 ,17.6838
0x6707 ,16.834068
0xc7fe ,15.083515
0x1c38 ,23.022316
0xe121 ,25.626884
0x313f ,30.321827
0x2e80 ,20.290216
0xdf3d ,30.297075
0x8254 ,27.099798
0x610e ,36.746574
0x56b9 ,20.2927
0x14ab ,27.827797
0xc01c ,26.145761
0x3a99 ,16.91071
0xab81 ,15.687474
0x1d29 ,29.254255
0x7895 ,14.639364
0xccc3 ,25.63814
0xa8d5 ,19.359417
0x773c ,36.815075
0x9e93 ,41.745407
0xb001 ,23.829288
0xc822 ,34.7806
0x1ba7 ,23.789433
0xcc21 ,24.332767
0xb565 ,36.641937
0xb9f3 ,22.099634
0x4833 ,32.427277
0x3e84 ,29.42905
0x441a ,44.65585
0x595d ,22.832026
0xc893 ,24.225555
0x8cf2 ,13.944194
0xac78 ,35.868435
0xf42 ,26.291195
0x7cff ,29.47347
0xb8ac ,22.17328
0x547c ,40.065018
0x71c7 ,19.419361
0x9804 ,30.418034
0xb9e1 ,18.69391
0xca16 ,41.509853
0x7942 ,31.457594
0xe1ef ,28.620869
0x5804 ,18.019703
0x570f ,21.988064
0x8aa8 ,24.271309
0xa1db ,34.768467
0x84e0 ,29.183636
0x7b61 ,31.827932
0xb56c ,23.759903
0x264f ,26.784962
0xa15b ,19.83984
0x5499 ,17.399
0x5548 ,36.945755
0xc532 ,34.052742
0x52c0 ,23.36333
0x586a ,22.954517
0xb081 ,36.580837
0x3a6f ,23.485062
0xd57d ,25.48368
0x2ddf ,17.875479
0xd312 ,34.76643
0x517c ,37.07965
0x4230 ,25.105797
0xb210 ,15.678076
0x1764 ,16.929386
0xa586 ,14.579621
0x5837 ,22.99233
0x9815 ,16.182852
0x6304 ,25.455385
0x9ac0 ,31.328926
0x9bd6 ,28.143616
0x5f56 ,23.40871
0x966c ,24.31332
0x9814 ,36.602055
0xb6fa ,14.977307
0x1e7f ,38.389545
0x514f ,39.105816
0x691f ,40.215027
0x5fad ,23.96249
0x233f ,23.88936
0x1152 ,27.748528
0xe09c ,22.93815
0x83b ,32.158318
0xd7d4 ,23.043196
0xace6 ,17.628567
0x1e90 ,23.546501
0x4377 ,29.449959
0x3efd ,14.056952
0x265d ,30.455286
0x1c0b ,21.122112
0x424f ,25.366993
0x559f ,22.783688
0x4d19 ,26.126757
0xc4a ,35.59182
0x83ef ,30.36104
0xbf5e ,23.16277
0x44d4 ,21.93863
0x4cd6 ,23.051067
0x7e94 ,20.53649
0x4a9e ,17.080647
0x7b9e ,17.475592
0x7a62 ,17.953287
0x39dd ,23.136702
0x838c ,33.955833
0x2e07 ,36.455402
0xa434 ,24.401691
0xa928 ,24.66617
0x34eb ,23.161854
0xb7f1 ,28.972427
0xc380 ,22.686678
0x5a16 ,26.453463
0x5188 ,24.844496
0x9003 ,23.677294
0x5112 ,29.154507
0xc3e0 ,23.051199
0x1815 ,37.86546
0xbb5b ,19.503149
0xa73 ,15.38017
0xc408 ,16.542429
0xdd7a ,16.591791
0x6918 ,23.132252
0x9d48 ,27.758915
0x164b ,33.651955
0xe01 ,22.496592
0x1e9b ,34.382084
0x4f6b ,15.509976
0x33b3 ,33.912273
0xe003 ,41.867447
0x8cfa ,29.229969
0xa9cb ,37.97166
0x4c07 ,23.814335
0x6e88 ,21.646332
0x565e ,22.857946
0x35a9 ,26.55414
0x62e4 ,31.011292
0xad56 ,21.087255
0x478f ,23.413982
0xdd17 ,17.274609
0x71db ,22.618118
0xae1a ,13.582799
0x3019 ,29.757887
0x149d ,31.18999
0x9c0a ,21.901258
0x17e9 ,20.627058
0x1b69 ,19.849422
0x3b2a ,19.320507
0x7f2 ,27.536627
0x4d1 ,26.196505
0x825c ,37.800564
0x2e2f ,29.445124
0xe0a1 ,25.561085
0x67ee ,28.868698
0x3036 ,22.847197
0x62b ,34.07865
0xb026 ,33.148552
0x6b67 ,37.6897
0xc0a0 ,39.420856
0x300b ,16.09186
0x91b ,22.184446
0x5d1b ,24.392519
0xa21c ,19.81666
0x7397 ,22.821379
0x14ad ,20.976929
0x3361 ,41.553898
0xa930 ,24.567266
0x5800 ,15.906273
0xc4d7 ,39.07915
0x65e ,27.532316
0x7974 ,29.710602
0x179a ,23.369587
0x43d6 ,34.419933
0x5ea7 ,41.13892
0x3686 ,17.476128
0x3358 ,30.230253
0x3b53 ,15.837912
0xd22f ,25.874947
0x288a ,15.611354
0x936e ,29.212418
0x1cc7 ,33.442734
0x5432 ,33.78685
0xce89 ,34.578995
0x8ced ,23.534536
0x57bc ,11.161137
0x24c2 ,16.322073
0x1f43 ,18.445852
0xd3c2 ,37.760002
0xc257 ,50.184063
0x181c ,35.9675
0xd3ec ,13.17465
0x4aa2 ,22.367682
0x2f32 ,34.596348
0x3daa ,22.51665
0xb2a9 ,26.059103
0x6434 ,18.151691
0x4ac6 ,13.764411
0x4654 ,40.49269
0x18ee ,37.286354
0x2e2e ,46.03201
0x6afd ,35.991493
0xba21 ,22.216377
0x58f3 ,31.460333
0x4ecf ,22.216793
0x1991 ,25.860401
0x430c ,35.39373
0x3b18 ,20.691196
0x65c7 ,22.802042
0xbba1 ,17.462294
0x663a ,21.415676
0x8365 ,23.006292
0x86fa ,15.101269
0xdb43 ,40.556965
0x40e4 ,18.905378
0x7c0a ,22.336058
0x7032 ,47.757195
0x1466 ,42.0947
0x9993 ,21.800325
0x3547 ,35.23855
0x3feb ,15.506462
0x214d ,31.641132
0x673b ,29.608307
0x280d ,24.143475
0x896d ,27.879436
0x86f8 ,28.29241
0x52d1 ,33.036648
0x92cb ,31.286745
0xc3be ,17.174671
0x3a94 ,20.770117
0xda77 ,13.655113
0x5d07 ,17.288483
0x3d29 ,17.81077
0x64f7 ,34.464256
0x47a6 ,36.575043
0x7179 ,42.759953
0xba2e ,35.217205
0x95c ,24.350088
0xae46 ,21.54365
0xc56a ,19.603228
0x268d ,34.968452
0x3aff ,27.980688
0x5b59 ,34.61392
0xa77d ,15.703647
0xd109 ,20.314222
0x13f6 ,17.917452
0xa491 ,15.825872
0x1037 ,17.834604
0x559b ,13.206246
0xaf74 ,28.478006
0xc80c ,26.766375
0x6949 ,21.080847
0x9951 ,24.004194
0x2623 ,13.856886
0xdfa3 ,26.765558
0xa065 ,15.619082
0x3f25 ,24.58443
0xcc6e ,24.16305
0x48fb ,18.886547
0x4cfd ,23.00091
0x5bf0 ,48.764877
0x8860 ,26.520998
0x5d58 ,17.416042
0xc0ef ,20.558838
0xc254 ,15.077566
0x2a4a ,15.130848
0x81bf ,35.207108
0x5fb1 ,28.413471
0x7c21 ,21.280409
0x8349 ,39.433548
0xfbf ,25.90499
0x7106 ,15.575733
0x2c7e ,24.237694
0x45c ,36.71177
0x4ef1 ,26.115622
0x8169 ,19.407946
0x8f1d ,23.642296
0x8045 ,20.21386
0xb7e0 ,25.452394
0x85bf ,35.003044
0x4352 ,28.271818
0xc2ad ,23.065372
0xd771 ,17.971397
0xd636 ,18.363728
0xc98c ,24.476799
0x9963 ,28.967829
0xb3f1 ,21.309828
0x3bb3 ,23.362074
0x1283 ,27.004831
0x7829 ,26.172567
0x1e98 ,42.94743
0x32a8 ,21.673088
0x19a8 ,38.22845
0x9751 ,35.188213
0x550b ,35.705288
0xc4c6 ,32.152756
0x8c4c ,26.410393
0x4521 ,29.006933
0x759f ,28.574158
0x5f36 ,16.057413
0x80f0 ,19.42715
0x3ae2 ,17.030817
0xaa78 ,22.76012
0x8313 ,17.996542
0xb593 ,14.89624
0x5ee7 ,16.09284
0xb24f ,38.34851
0x99b4 ,26.487194
0xcaac ,43.999443
0x84ec ,23.01328
0x6c57 ,15.318698
0x59c6 ,22.828554
0x5a7 ,30.091803
0x1afb ,24.59829
0x9b3a ,15.263635
0x696 ,26.728045
0xc431 ,31.941538
0xd5f2 ,24.964914
0x1227 ,23.522562
0x4d06 ,25.016016
0xdb01 ,23.475212
0x8c5e ,16.96947
0x8e0b ,40.555096
0x7239 ,18.465591
0xa224 ,44.740852
0xad93 ,21.789835
0x1b52 ,22.87865
0x5122 ,24.03282
0xc812 ,17.307405
0x28b4 ,26.45092
0x873c ,18.93528
0x2b45 ,15.931075
0xcae6 ,16.668043
0x4652 ,36.32275
0xbf4d ,20.12224
0x3385 ,28.060537
0x8597 ,26.928806
0x77ad ,22.464489
0xf70 ,33.567524
0xcdd8 ,21.779594
0x8569 ,36.756832
0x492e ,34.230556
0xd048 ,24.01443
0x60ab ,14.124337
0x70bf ,21.559267
0x6c9b ,19.89774
0x6728 ,27.465405
0xc7b ,36.773308
0xe15a ,29.637003
0xb099 ,37.149796
0xb011 ,19.690798
0x4466 ,19.693377
0x967f ,29.719595
0x25b1 ,28.97955
0x1ea7 ,27.109514
0x1968 ,19.719255
0x83f7 ,35.274178
0x7577 ,23.82054
0xb2b5 ,14.446338
0x9a7e ,17.65433
0xb7f8 ,21.613853
0x96bf ,32.578014
0x73be ,35.418903
0x9196 ,21.20199
0x5a8d ,33.835228
0x30a3 ,36.751503
0xb3c5 ,17.200037
0xa3c4 ,21.59684
0xa47 ,28.958004
0xcbfa ,23.590347
0xd7a2 ,35.88268
0xde2e ,31.110888
0xdb6 ,21.296726
0x72f ,31.702234
0xb244 ,24.13442
0x6ad5 ,22.131777
0x8c8d ,24.018349
0xa952 ,21.53256
0x1e53 ,27.906475
0x364b ,37.93774
0x680b ,15.092122
0x7286 ,17.645561
0x68f3 ,20.059042
0xde25 ,30.1845
0x859e ,22.763365
0xd076 ,17.06472
0x8b37 ,22.100416
0x429d ,26.471231
0x49fd ,45.628082
0x35d7 ,32.18435
0x5d9d ,36.81224
0x2c7c ,16.31559
0x8009 ,34.278214
0x47f3 ,13.368205
0x2f88 ,26.477549
0xa7bf ,37.111294
0x4ee1 ,21.888151
0xab66 ,26.254393
0x2170 ,24.138853
0xb1e ,37.25763
0x7f4c ,19.609522
0xd6c4 ,39.758007
0x45cf ,29.034927
0x9d4d ,25.515379
0x646 ,45.598446
0xad7 ,45.62447
0x460 ,25.079157
0x9541 ,37.015972
0x25dc ,40.743877
0x11e5 ,30.571844
0x92ef ,19.721756
0xc1a9 ,35.063457
0x1065 ,25.852869
0xf19 ,40.09749
0x3e6d ,28.349827
0x634a ,21.757671
0x25bf ,36.041485
0x43b1 ,41.99468
0x4e6d ,17.860548
0x2ab0 ,48.195107
0x86fe ,32.62594
0x4a2b ,16.174948
0x3ec3 ,37.269875
0xc507 ,26.569382
0x632f ,34.111374
0x60f4 ,42.049625
0xe01b ,26.537264
0x9d6b ,37.884
0xa818 ,34.3851
0xb5b3 ,38.746277
0x6e41 ,40.42929
0x72aa ,14.675553
0x2b72 ,46.483974
0xbeb6 ,39.61497
0x5d54 ,18.813171
0x5f6c ,27.086245
0xd4f1 ,32.174866
0x801f ,29.197294
0xe1ff ,21.923462
0x8b4a ,25.237152
0xe097 ,24.077965
0xca1d ,33.82062
0x67b4 ,23.825481
0xd8c4 ,14.931396
0xf30 ,28.142893
0x282a ,24.604065
0x796a ,46.429115
0x74c7 ,18.883696
0xb59f ,35.159527
0x8668 ,26.554453
0xb871 ,27.923088
0xc427 ,35.26122
0x52a2 ,18.833063
0x57d8 ,15.506977
0xd1f4 ,24.785744
0x9a16 ,25.393906
0x5c4b ,22.625875
0xd69f ,21.548271
0x83d7 ,22.380322
0xbaf3 ,23.007105
0x9f54 ,22.389042
0x440f ,19.468723
0x84be ,23.000647
0x8cad ,15.321685
0x2106 ,26.9895
0xd1dc ,28.995966
0xb94d ,36.93768
0x1838 ,34.812122
0xaf18 ,21.703402
0x4b0a ,11.663447
0xcf4e ,37.708664
0x2aad ,32.327477
0x3e8c ,36.83279
0xc4d1 ,26.426006
0x1a06 ,32.885113
0xc97d ,22.583248
0x916b ,19.412176
0x7cc7 ,29.728086
0x15d8 ,25.96115
0xd501 ,15.285223
0xbeee ,13.5534725
0x425 ,26.889477
0x99ac ,17.755232
0x7f8b ,15.091476
0x3607 ,24.546545
0x780f ,22.848963
0x961b ,21.583363
0x581 ,27.753033
0x894d ,10.346121
0xaf8 ,27.491226
0x41b5 ,17.77799
0x9e1c ,24.632786
0x9676 ,22.498026
0x8f73 ,22.167862
0x587e ,31.565859
0x812e ,36.74843
0x7847 ,38.37584
0x6f7a ,20.277433
0x37d9 ,21.393276
0xceba ,44.91442
0xc1f5 ,26.553577
0x1f9e ,34.66569
0x994d ,22.857872
0xbfbb ,36.022186
0x30be ,36.878967
0x4510 ,29.345703
0x37ca ,18.672848
0x9eb4 ,37.204872
0xd8a3 ,41.129536
0x3c8c ,36.44352
0x5d85 ,19.38254
0xd0ea ,22.546263
0x5f99 ,37.22359
0x81b6 ,33.46864
0x2294 ,16.14548
0xc503 ,34.65116
0x104b ,35.046898
0xc33d ,17.189974
0x7c24 ,25.91371
0x4e9f ,17.61153
0xb790 ,16.935043
0x3ecb ,17.867634
0x29ba ,21.772755
0x5cf9 ,23.98025
0xb101 ,38.257236
0x95dc ,17.745556
0x2114 ,16.670324
0xdc82 ,35.3405
0xd661 ,30.172657
0x1e46 ,24.578539
0x9d1f ,38.449963
0x77fe ,42.94532
0x2a31 ,38.92658
0x7169 ,42.130077
0x77aa ,35.749992
0xd3de ,17.276134
0x116c ,26.254091
0xe240 ,24.665348
0x6909 ,22.580841
0x443b ,29.69076
0x1ea5 ,25.046955
0x22d4 ,26.78401
0xb7be ,23.805498
